CREATE DATABASE  IF NOT EXISTS `gscdb` /*!40100 DEFAULT CHARACTER SET utf8mb4 COLLATE utf8mb4_0900_ai_ci */ /*!80016 DEFAULT ENCRYPTION='N' */;
USE `gscdb`;
-- MySQL dump 10.13  Distrib 8.0.34, for Win64 (x86_64)
--
-- Host: localhost    Database: gscdb
-- ------------------------------------------------------
-- Server version	8.1.0

/*!40101 SET @OLD_CHARACTER_SET_CLIENT=@@CHARACTER_SET_CLIENT */;
/*!40101 SET @OLD_CHARACTER_SET_RESULTS=@@CHARACTER_SET_RESULTS */;
/*!40101 SET @OLD_COLLATION_CONNECTION=@@COLLATION_CONNECTION */;
/*!50503 SET NAMES utf8 */;
/*!40103 SET @OLD_TIME_ZONE=@@TIME_ZONE */;
/*!40103 SET TIME_ZONE='+00:00' */;
/*!40014 SET @OLD_UNIQUE_CHECKS=@@UNIQUE_CHECKS, UNIQUE_CHECKS=0 */;
/*!40014 SET @OLD_FOREIGN_KEY_CHECKS=@@FOREIGN_KEY_CHECKS, FOREIGN_KEY_CHECKS=0 */;
/*!40101 SET @OLD_SQL_MODE=@@SQL_MODE, SQL_MODE='NO_AUTO_VALUE_ON_ZERO' */;
/*!40111 SET @OLD_SQL_NOTES=@@SQL_NOTES, SQL_NOTES=0 */;

--
-- Table structure for table `cad2examrel`
--

DROP TABLE IF EXISTS `cad2examrel`;
/*!40101 SET @saved_cs_client     = @@character_set_client */;
/*!50503 SET character_set_client = utf8mb4 */;
CREATE TABLE `cad2examrel` (
  `id` int NOT NULL AUTO_INCREMENT,
  `source` int NOT NULL COMMENT 'Candidate ''id''',
  `target` int NOT NULL COMMENT 'exam ''id''',
  PRIMARY KEY (`id`)
) ENGINE=InnoDB AUTO_INCREMENT=23 DEFAULT CHARSET=utf8mb4 COLLATE=utf8mb4_0900_ai_ci;
/*!40101 SET character_set_client = @saved_cs_client */;

--
-- Dumping data for table `cad2examrel`
--

LOCK TABLES `cad2examrel` WRITE;
/*!40000 ALTER TABLE `cad2examrel` DISABLE KEYS */;
/*!40000 ALTER TABLE `cad2examrel` ENABLE KEYS */;
UNLOCK TABLES;

--
-- Table structure for table `candidate`
--

DROP TABLE IF EXISTS `candidate`;
/*!40101 SET @saved_cs_client     = @@character_set_client */;
/*!50503 SET character_set_client = utf8mb4 */;
CREATE TABLE `candidate` (
  `code` int NOT NULL AUTO_INCREMENT,
  `name` varchar(45) NOT NULL,
  `school` int NOT NULL,
  `class` int NOT NULL,
  `dob` date DEFAULT NULL,
  `status` varchar(45) NOT NULL DEFAULT 'ACTIVE',
  `gender` varchar(1) DEFAULT NULL,
  `exam` int DEFAULT NULL,
  `roll` int DEFAULT NULL,
  `notification` varchar(45) NOT NULL DEFAULT 'NOT_SENT',
  `contact` varchar(45) DEFAULT NULL,
  `marks` int DEFAULT NULL,
  `attendance` tinyint DEFAULT NULL,
  PRIMARY KEY (`code`)
) ENGINE=InnoDB AUTO_INCREMENT=1425 DEFAULT CHARSET=utf8mb4 COLLATE=utf8mb4_0900_ai_ci;
/*!40101 SET character_set_client = @saved_cs_client */;

--
-- Dumping data for table `candidate`
--

LOCK TABLES `candidate` WRITE;
/*!40000 ALTER TABLE `candidate` DISABLE KEYS */;
INSERT INTO `candidate` VALUES (291,'alfia parvin',6,7,NULL,'ACTIVE','F',25,1,'NOT_SENT',NULL,48,NULL),(292,'Srimoyee Halder',6,7,NULL,'ACTIVE','F',25,2,'NOT_SENT',NULL,59,NULL),(293,'Soumita Ghosh',6,7,NULL,'ACTIVE','F',25,3,'NOT_SENT',NULL,70,NULL),(294,'Rwitam Bej',6,7,NULL,'ACTIVE','M',25,4,'NOT_SENT',NULL,47,NULL),(295,'Mayukh Ghosh',6,7,NULL,'ACTIVE','M',25,5,'NOT_SENT',NULL,67,NULL),(413,'Soham Chatterjee',6,6,NULL,'ACTIVE','M',25,1,'NOT_SENT',NULL,74,NULL),(414,'rupam ghosh',6,6,NULL,'ACTIVE','M',25,2,'NOT_SENT',NULL,68,NULL),(415,'kairav das',6,6,NULL,'ACTIVE','M',25,3,'NOT_SENT',NULL,65,NULL),(416,'ayan ghosh',6,6,NULL,'ACTIVE','M',25,4,'NOT_SENT',NULL,78,NULL),(417,'arijit patra',6,6,NULL,'ACTIVE','M',25,5,'NOT_SENT',NULL,72,NULL),(418,'ranak banerjee',6,6,NULL,'ACTIVE','M',25,6,'NOT_SENT',NULL,77,NULL),(419,'arpan das',6,6,NULL,'ACTIVE','M',25,7,'NOT_SENT',NULL,69,NULL),(420,'soutrik ghosh',6,6,NULL,'ACTIVE','M',25,8,'NOT_SENT',NULL,53,NULL),(421,'soham bhar',6,6,NULL,'ACTIVE','M',25,9,'NOT_SENT',NULL,73,NULL),(422,'SUBHRA DAS',6,6,NULL,'ACTIVE','M',25,10,'NOT_SENT',NULL,69,NULL),(423,'asmit negel',6,6,NULL,'ACTIVE','M',25,11,'NOT_SENT',NULL,72,NULL),(424,'soham ghosh',6,6,NULL,'ACTIVE','M',25,12,'NOT_SENT',NULL,78,NULL),(425,'aditya biswas',6,6,NULL,'ACTIVE','M',25,13,'NOT_SENT',NULL,45,NULL),(426,'ayush koley',6,6,NULL,'ACTIVE','M',25,14,'NOT_SENT',NULL,41,NULL),(427,'debayan chakraborty (1)',6,6,NULL,'ACTIVE','M',25,15,'NOT_SENT',NULL,56,NULL),(428,'koustav naskar',6,6,NULL,'ACTIVE','M',25,16,'NOT_SENT',NULL,71,NULL),(429,'abhirup shit',6,6,NULL,'ACTIVE','M',25,17,'NOT_SENT',NULL,60,NULL),(430,'wriddhiraj chakraborty',6,6,NULL,'ACTIVE','M',25,18,'NOT_SENT',NULL,53,NULL),(431,'ayan banerjee',6,6,NULL,'ACTIVE','M',25,19,'NOT_SENT',NULL,65,NULL),(432,'soumya patra',6,6,NULL,'ACTIVE','M',25,20,'NOT_SENT',NULL,54,NULL),(433,'rohit mondal',6,6,NULL,'ACTIVE','M',25,21,'NOT_SENT',NULL,67,NULL),(434,'minu pal',6,6,NULL,'ACTIVE','F',25,22,'NOT_SENT',NULL,46,NULL),(435,'monorama polley',6,6,NULL,'ACTIVE','F',25,23,'NOT_SENT',NULL,63,NULL),(436,'piyasa modak',6,6,NULL,'ACTIVE','F',25,24,'NOT_SENT',NULL,45,NULL),(437,'piyansha adhikary',6,6,NULL,'ACTIVE','F',25,25,'NOT_SENT',NULL,81,NULL),(438,'Aindrila barman',6,6,NULL,'ACTIVE','F',25,26,'NOT_SENT',NULL,65,NULL),(439,'sayani nandi',6,6,NULL,'ACTIVE','F',25,27,'NOT_SENT',NULL,64,NULL),(440,'Nibedita das',6,6,NULL,'ACTIVE','F',25,28,'NOT_SENT',NULL,57,NULL),(441,'srijani santra',6,6,NULL,'ACTIVE','F',25,29,'NOT_SENT',NULL,82,NULL),(442,'rittika dhar',6,6,NULL,'ACTIVE','F',25,30,'NOT_SENT',NULL,53,NULL),(443,'ritisha banduri',6,6,NULL,'ACTIVE','F',25,31,'NOT_SENT',NULL,61,NULL),(444,'krittika shee',6,6,NULL,'ACTIVE','F',25,32,'NOT_SENT',NULL,55,NULL),(445,'samadrita sarkar',6,6,NULL,'ACTIVE','F',25,33,'NOT_SENT',NULL,84,NULL),(446,'sanchita naskar',6,6,NULL,'ACTIVE','F',25,34,'NOT_SENT',NULL,57,NULL),(447,'enakshi sen',6,6,NULL,'ACTIVE','F',25,35,'NOT_SENT',NULL,63,NULL),(448,'debolina dey',6,6,NULL,'ACTIVE','F',25,36,'NOT_SENT',NULL,62,NULL),(449,'soumi ghosh',6,6,NULL,'ACTIVE','F',25,37,'NOT_SENT',NULL,53,NULL),(450,'adwitia polley',6,6,NULL,'ACTIVE','F',25,38,'NOT_SENT',NULL,57,NULL),(451,'sudeshna mondal',6,6,NULL,'ACTIVE','F',25,39,'NOT_SENT',NULL,73,NULL),(452,'shrijani nandy',6,6,NULL,'ACTIVE','F',25,40,'NOT_SENT',NULL,31,NULL),(453,'kastturi pal',6,6,NULL,'ACTIVE','F',25,41,'NOT_SENT',NULL,56,NULL),(454,'bristy ghosh',6,6,NULL,'ACTIVE','F',25,42,'NOT_SENT',NULL,54,NULL),(455,'shirin khatun',6,6,NULL,'ACTIVE','F',25,43,'NOT_SENT',NULL,59,NULL),(456,'eshani chatterjee',6,6,NULL,'ACTIVE','F',25,44,'NOT_SENT',NULL,62,NULL),(457,'TITLY PRAMANIK',6,5,NULL,'ACTIVE','F',25,1,'NOT_SENT',NULL,53,NULL),(458,'NAVOLINA PRAMANIK',6,5,NULL,'ACTIVE','F',25,2,'NOT_SENT',NULL,NULL,NULL),(459,'APABRITA DAS',6,5,NULL,'ACTIVE','F',25,3,'NOT_SENT',NULL,57,NULL),(460,'ABANTIKA GHOSH',6,5,NULL,'ACTIVE','F',25,4,'NOT_SENT',NULL,51,NULL),(461,'SAYANTANI MAITY',6,5,NULL,'ACTIVE','F',25,5,'NOT_SENT',NULL,48,NULL),(462,'NANDITA CHAKRABORTY',6,5,NULL,'ACTIVE','F',25,6,'NOT_SENT',NULL,55,NULL),(463,'DEBOPRIYA ACHARYA',6,5,NULL,'ACTIVE','F',25,7,'NOT_SENT',NULL,53,NULL),(464,'PARIMITA DAS',6,5,NULL,'ACTIVE','F',25,8,'NOT_SENT',NULL,NULL,NULL),(465,'ADRIJA CHAKRABORTY',6,5,NULL,'ACTIVE','F',25,9,'NOT_SENT',NULL,49,NULL),(466,'TIYASHA MANNA ',6,5,NULL,'ACTIVE','F',25,10,'NOT_SENT',NULL,56,NULL),(467,'BHUMIKA MALAKAR',6,5,NULL,'ACTIVE','F',25,11,'NOT_SENT',NULL,36,NULL),(468,'DEBASMITA CHOWDHURY',6,5,NULL,'ACTIVE','F',25,12,'NOT_SENT',NULL,64,NULL),(469,'SRIJITA BHOWMICK',6,5,NULL,'ACTIVE','F',25,13,'NOT_SENT',NULL,55,NULL),(470,'CHIROSRI DEY',6,5,NULL,'ACTIVE','F',25,14,'NOT_SENT',NULL,NULL,NULL),(471,'KONKANA SADHUKHAN',6,5,NULL,'ACTIVE','F',25,15,'NOT_SENT',NULL,57,NULL),(472,'ANWESHA GHOSH',6,5,NULL,'ACTIVE','F',25,16,'NOT_SENT',NULL,61,NULL),(473,'Sonaxi Bhattachariya',6,5,NULL,'ACTIVE','F',25,17,'NOT_SENT',NULL,75,NULL),(474,'PRAGYA SASTRI',6,5,NULL,'ACTIVE','F',25,18,'NOT_SENT',NULL,32,NULL),(475,'MANALI DAS',6,5,NULL,'ACTIVE','F',25,19,'NOT_SENT',NULL,53,NULL),(476,'ANUSHKA SHEE',6,5,NULL,'ACTIVE','F',25,20,'NOT_SENT',NULL,64,NULL),(477,'SHRAYOSI MUKHERJEE',6,5,NULL,'ACTIVE','F',25,21,'NOT_SENT',NULL,61,NULL),(478,'SONAKSHI SEN',6,5,NULL,'ACTIVE','F',25,22,'NOT_SENT',NULL,55,NULL),(479,'SHRANYA ROY',6,5,NULL,'ACTIVE','F',25,23,'NOT_SENT',NULL,62,NULL),(480,'ADRISHA SAHA',6,5,NULL,'ACTIVE','F',25,24,'NOT_SENT',NULL,43,NULL),(481,'ANINDITA MONDAL',6,5,NULL,'ACTIVE','F',25,25,'NOT_SENT',NULL,56,NULL),(482,'TANIA BANDURI',6,5,NULL,'ACTIVE','F',25,26,'NOT_SENT',NULL,45,NULL),(483,'SOUMILI BHATTACHARJEE',6,5,NULL,'ACTIVE','F',25,27,'NOT_SENT',NULL,51,NULL),(484,'SOUMILI PAUL',6,5,NULL,'ACTIVE','F',25,28,'NOT_SENT',NULL,40,NULL),(485,'SAMPURNA DEY',6,5,NULL,'ACTIVE','F',25,29,'NOT_SENT',NULL,51,NULL),(486,'SHILPA BANERJEE',6,5,NULL,'ACTIVE','F',25,30,'NOT_SENT',NULL,NULL,NULL),(487,'SHRISTI GHOSH',6,5,NULL,'ACTIVE','F',25,31,'NOT_SENT',NULL,65,NULL),(488,'SONAKSHI CHAKRABORTY',6,5,NULL,'ACTIVE','F',25,32,'NOT_SENT',NULL,59,NULL),(489,'UTTHITA BAIRAGI',6,5,NULL,'ACTIVE','F',25,33,'NOT_SENT',NULL,49,NULL),(490,'SNEHASREE CHATTERJEE',6,5,NULL,'ACTIVE','F',25,34,'NOT_SENT',NULL,44,NULL),(491,'TANISHA MULLICK',6,5,NULL,'ACTIVE','F',25,35,'NOT_SENT',NULL,57,NULL),(492,'SRIJANI ROY',6,5,NULL,'ACTIVE','F',25,36,'NOT_SENT',NULL,55,NULL),(493,'DIPAYAN MAJUMDAR',6,5,NULL,'ACTIVE','M',25,37,'NOT_SENT',NULL,44,NULL),(494,'AGNIVA SENGUPTA',6,5,NULL,'ACTIVE','M',25,38,'NOT_SENT',NULL,NULL,NULL),(495,'SOUMAJIT GHORUI',6,5,NULL,'ACTIVE','M',25,39,'NOT_SENT',NULL,64,NULL),(496,'SHREYAN GHOSH',6,5,NULL,'ACTIVE','M',25,40,'NOT_SENT',NULL,60,NULL),(497,'soumodeep naskar',6,5,NULL,'ACTIVE','M',25,41,'NOT_SENT',NULL,74,NULL),(498,'ANIK DEY',6,5,NULL,'ACTIVE','M',25,42,'NOT_SENT',NULL,NULL,NULL),(499,'ROHIT MANNA',6,5,NULL,'ACTIVE','M',25,43,'NOT_SENT',NULL,52,NULL),(500,'SK. MD. ARABUL ISLAM',6,5,NULL,'ACTIVE','M',25,44,'NOT_SENT',NULL,55,NULL),(501,'AYUSH PAL',6,5,NULL,'ACTIVE','M',25,45,'NOT_SENT',NULL,NULL,NULL),(502,'SAYAN GHOSH',6,5,NULL,'ACTIVE','M',25,46,'NOT_SENT',NULL,62,NULL),(503,'RIKTAM SANA',6,8,NULL,'ACTIVE','M',25,1,'NOT_SENT',NULL,NULL,NULL),(504,'SUMAN SANTRA',6,8,NULL,'ACTIVE','M',25,2,'NOT_SENT',NULL,48,NULL),(505,'PALLAB DAS',6,8,NULL,'ACTIVE','M',25,3,'NOT_SENT',NULL,49,NULL),(506,'UJAN BHUIYA',6,8,NULL,'ACTIVE','M',25,4,'NOT_SENT',NULL,53,NULL),(507,'MD. ISRAFIL MOLLA',6,8,NULL,'ACTIVE','M',25,5,'NOT_SENT',NULL,58,NULL),(508,'RUDRANIL HATI',6,8,NULL,'ACTIVE','M',25,6,'NOT_SENT',NULL,52,NULL),(509,'DIPTA HALDAR',6,8,NULL,'ACTIVE','M',25,7,'NOT_SENT',NULL,56,NULL),(510,'SASHRIK POLLEY',6,8,NULL,'ACTIVE','M',25,8,'NOT_SENT',NULL,60,NULL),(511,'ARKAPRAVA DAS',6,8,NULL,'ACTIVE','M',25,9,'NOT_SENT',NULL,60,NULL),(512,'RIBRO PATRA',6,8,NULL,'ACTIVE','M',25,10,'NOT_SENT',NULL,66,NULL),(513,'SOUVIK MITRA',6,8,NULL,'ACTIVE','M',25,11,'NOT_SENT',NULL,66,NULL),(514,'RITABRATA DAS',6,8,NULL,'ACTIVE','M',25,12,'NOT_SENT',NULL,71,NULL),(515,'MD. MANISH SK.',6,8,NULL,'ACTIVE','M',25,13,'NOT_SENT',NULL,83,NULL),(516,'SAIKAT GHOSH',6,8,NULL,'ACTIVE','M',25,14,'NOT_SENT',NULL,78,NULL),(517,'UTSAB GHOSH',6,8,NULL,'ACTIVE','M',25,15,'NOT_SENT',NULL,NULL,NULL),(518,'SOURANYA MANNA',6,8,NULL,'ACTIVE','M',25,16,'NOT_SENT',NULL,54,NULL),(519,'PRITAM BHAT',6,8,NULL,'ACTIVE','M',25,17,'NOT_SENT',NULL,78,NULL),(520,'JEET GHOSH',6,8,NULL,'ACTIVE','M',25,18,'NOT_SENT',NULL,70,NULL),(521,'SAROLIPI GHOSH',6,8,NULL,'ACTIVE','F',25,19,'NOT_SENT',NULL,57,NULL),(522,'DAITREE BHOWMICK',6,8,NULL,'ACTIVE','F',25,20,'NOT_SENT',NULL,53,NULL),(523,'RITU SHAW',6,8,NULL,'ACTIVE','F',25,21,'NOT_SENT',NULL,50,NULL),(524,'RIDDHIMA DAS',6,8,NULL,'ACTIVE','F',25,22,'NOT_SENT',NULL,35,NULL),(525,'ANANYA DUTTA',6,8,NULL,'ACTIVE','F',25,23,'NOT_SENT',NULL,33,NULL),(526,'BIDIPTA KONAR',6,8,NULL,'ACTIVE','F',25,24,'NOT_SENT',NULL,47,NULL),(527,'DRISHA MISHRA',6,8,NULL,'ACTIVE','F',25,25,'NOT_SENT',NULL,56,NULL),(528,'ISHA ACHARYA',6,8,NULL,'ACTIVE','F',25,26,'NOT_SENT',NULL,44,NULL),(529,'MONALISA CHATTERJEE',6,3,NULL,'ACTIVE','F',25,1,'NOT_SENT',NULL,50,NULL),(530,'SUCHITRA BISWAS',6,3,NULL,'ACTIVE','F',25,2,'NOT_SENT',NULL,50,NULL),(531,'ADROVIKA DAS',6,3,NULL,'ACTIVE','F',25,3,'NOT_SENT',NULL,36,NULL),(532,'MANAMI ROY',6,3,NULL,'ACTIVE','F',25,4,'NOT_SENT',NULL,48,NULL),(533,'APARUPA DHAR',6,3,NULL,'ACTIVE','F',25,5,'NOT_SENT',NULL,56,NULL),(534,'SUPARBA NASKAR',6,3,NULL,'ACTIVE','F',25,6,'NOT_SENT',NULL,52,NULL),(535,'ANINDITA BANDURI',6,3,NULL,'ACTIVE','F',25,7,'NOT_SENT',NULL,52,NULL),(536,'SAYANTI GHOSH',6,3,NULL,'ACTIVE','F',25,8,'NOT_SENT',NULL,42,NULL),(537,'SOUMILI BHATTACHARJEE',6,3,NULL,'ACTIVE','F',25,9,'NOT_SENT',NULL,48,NULL),(538,'SWASTIKA CHATTERJEE',6,3,NULL,'ACTIVE','F',25,10,'NOT_SENT',NULL,42,NULL),(539,'RASMOYEE NASKAR',6,3,NULL,'ACTIVE','F',25,11,'NOT_SENT',NULL,28,NULL),(540,'DIYA KARMAKAR',6,3,NULL,'ACTIVE','F',25,12,'NOT_SENT',NULL,46,NULL),(541,'RITOSMITA SAMANTA',6,3,NULL,'ACTIVE','F',25,13,'NOT_SENT',NULL,46,NULL),(542,'AHANA ROY',6,3,NULL,'ACTIVE','F',25,14,'NOT_SENT',NULL,28,NULL),(543,'BARNINI MUKHERJEE',6,3,NULL,'ACTIVE','F',25,15,'NOT_SENT',NULL,68,NULL),(544,'KOHELI CHOWDHURY',6,3,NULL,'ACTIVE','F',25,16,'NOT_SENT',NULL,42,NULL),(545,'DEBANJALI PATRA',6,3,NULL,'ACTIVE','F',25,17,'NOT_SENT',NULL,68,NULL),(546,'SOUJANYA DEBNATH',6,3,NULL,'ACTIVE','F',25,18,'NOT_SENT',NULL,52,NULL),(547,'ANWITA GHOSH',6,3,NULL,'ACTIVE','F',25,19,'NOT_SENT',NULL,54,NULL),(548,'SAMPRITI GHOSH',6,3,NULL,'ACTIVE','F',25,20,'NOT_SENT',NULL,50,NULL),(549,'ATRI GHOSH',6,3,NULL,'ACTIVE','F',25,21,'NOT_SENT',NULL,70,NULL),(550,'MANAMI GHOSH',6,3,NULL,'ACTIVE','F',25,22,'NOT_SENT',NULL,48,NULL),(551,'RAI NASKAR',6,3,NULL,'ACTIVE','F',25,23,'NOT_SENT',NULL,44,NULL),(552,'ISHANI GHOSH',6,3,NULL,'ACTIVE','F',25,24,'NOT_SENT',NULL,36,NULL),(553,'KOUSHIKI DHOLEY',6,3,NULL,'ACTIVE','F',25,25,'NOT_SENT',NULL,68,NULL),(554,'SHREYA KOLEY',6,3,NULL,'ACTIVE','F',25,26,'NOT_SENT',NULL,52,NULL),(555,'BIDISHA KOLEY',6,3,NULL,'ACTIVE','F',25,27,'NOT_SENT',NULL,44,NULL),(556,'SPRIHA KOLEY',6,3,NULL,'ACTIVE','F',25,28,'NOT_SENT',NULL,48,NULL),(557,'AISHANI CHATTERJEE',6,3,NULL,'ACTIVE','F',25,29,'NOT_SENT',NULL,42,NULL),(558,'SOUMI SARKAR',6,3,NULL,'ACTIVE','F',25,30,'NOT_SENT',NULL,50,NULL),(559,'SOHINI CHATTERJEE',6,3,NULL,'ACTIVE','F',25,31,'NOT_SENT',NULL,44,NULL),(560,'KOUSTAV BHUNIYA',6,3,NULL,'ACTIVE','M',25,32,'NOT_SENT',NULL,54,NULL),(561,'SHIVAM DAS',6,3,NULL,'ACTIVE','M',25,33,'NOT_SENT',NULL,54,NULL),(562,'PRIYAANSHU GHOSH',6,3,NULL,'ACTIVE','M',25,34,'NOT_SENT',NULL,48,NULL),(563,'MANGALDEEP SHIT',6,3,NULL,'ACTIVE','M',25,35,'NOT_SENT',NULL,46,NULL),(564,'SHREYAN PAN',6,3,NULL,'ACTIVE','M',25,36,'NOT_SENT',NULL,48,NULL),(565,'RAJANYA SINHA',6,3,NULL,'ACTIVE','M',25,37,'NOT_SENT',NULL,56,NULL),(566,'PRANTIK GARAI',6,3,NULL,'ACTIVE','M',25,38,'NOT_SENT',NULL,54,NULL),(567,'SAYON GHOSH',6,3,NULL,'ACTIVE','M',25,39,'NOT_SENT',NULL,48,NULL),(568,'RUPAYAN GHOSH ',6,3,NULL,'ACTIVE','M',25,40,'NOT_SENT',NULL,46,NULL),(569,'SAPTARKI BHATTACHARYA',6,3,NULL,'ACTIVE','M',25,41,'NOT_SENT',NULL,42,NULL),(570,'RICK GHOSH',6,3,NULL,'ACTIVE','M',25,42,'NOT_SENT',NULL,42,NULL),(571,'SNEHANGSHU CHAKRABORTY',6,3,NULL,'ACTIVE','M',25,43,'NOT_SENT',NULL,58,NULL),(572,'ABHAS KOLEY',6,3,NULL,'ACTIVE','M',25,44,'NOT_SENT',NULL,72,NULL),(573,'OISRONU DAS',6,3,NULL,'ACTIVE','M',25,45,'NOT_SENT',NULL,66,NULL),(574,'KOUSTAV DAS',6,3,NULL,'ACTIVE','M',25,46,'NOT_SENT',NULL,62,NULL),(575,'AVIRAJ PARIJA',6,3,NULL,'ACTIVE','M',25,47,'NOT_SENT',NULL,68,NULL),(576,'ARGHAJIT DAS',6,3,NULL,'ACTIVE','M',25,48,'NOT_SENT',NULL,32,NULL),(577,'SOHAN ADHIKARI',6,3,NULL,'ACTIVE','M',25,49,'NOT_SENT',NULL,64,NULL),(578,'REHAN GHOSH',6,3,NULL,'ACTIVE','M',25,50,'NOT_SENT',NULL,68,NULL),(579,'SRITAM KARMAKAR',6,3,NULL,'ACTIVE','M',25,51,'NOT_SENT',NULL,48,NULL),(580,'SK. SAKIBUR RAHAMAN',6,3,NULL,'ACTIVE','M',25,52,'NOT_SENT',NULL,30,NULL),(581,'ANSHU ADHIKARY',6,3,NULL,'ACTIVE','M',25,53,'NOT_SENT',NULL,44,NULL),(582,'PRADIPAN DEY',6,3,NULL,'ACTIVE','M',25,54,'NOT_SENT',NULL,58,NULL),(583,'ANURAG SHEET',6,3,NULL,'ACTIVE','M',25,55,'NOT_SENT',NULL,50,NULL),(584,'SUBHADEEP DALUI',6,3,NULL,'ACTIVE','M',25,56,'NOT_SENT',NULL,44,NULL),(585,'ARNAB MAL',6,3,NULL,'ACTIVE','M',25,57,'NOT_SENT',NULL,66,NULL),(586,'DEBABRATA MUDI',6,3,NULL,'ACTIVE','M',25,58,'NOT_SENT',NULL,NULL,NULL),(587,'SUBHADIP SEN',6,3,NULL,'ACTIVE','M',25,59,'NOT_SENT',NULL,28,NULL),(588,'AISHNIK CHATTERJEE',6,3,NULL,'ACTIVE','M',25,60,'NOT_SENT',NULL,28,NULL),(589,'LAVITRA SARBAGNA',6,3,NULL,'ACTIVE','M',25,61,'NOT_SENT',NULL,44,NULL),(590,'TANUSHREE DAS',6,2,NULL,'ACTIVE','F',25,1,'NOT_SENT',NULL,32,NULL),(591,'MOUMITA MUKHERJEE',6,2,NULL,'ACTIVE','F',25,2,'NOT_SENT',NULL,42,NULL),(592,'PRISHA DAS',6,2,NULL,'ACTIVE','F',25,3,'NOT_SENT',NULL,34,NULL),(593,'AISHI MONDAL',6,2,NULL,'ACTIVE','F',25,4,'NOT_SENT',NULL,26,NULL),(594,'TRIYASHA SANTRA ',6,2,NULL,'ACTIVE','F',25,5,'NOT_SENT',NULL,52,NULL),(595,'SOUMITA MUKHERJEE',6,2,NULL,'ACTIVE','F',25,6,'NOT_SENT',NULL,30,NULL),(596,'SOUPTIKA ROY',6,2,NULL,'ACTIVE','F',25,7,'NOT_SENT',NULL,36,NULL),(597,'AISHANI PAN',6,2,NULL,'ACTIVE','F',25,8,'NOT_SENT',NULL,56,NULL),(598,'SRIJANI NASKAR',6,2,NULL,'ACTIVE','F',25,9,'NOT_SENT',NULL,58,NULL),(599,'SAMPRITI ROY',6,2,NULL,'ACTIVE','F',25,10,'NOT_SENT',NULL,54,NULL),(600,'PUBALI CHATTERJEE',6,2,NULL,'ACTIVE','F',25,11,'NOT_SENT',NULL,44,NULL),(601,'PRAPTI MAJHI',6,2,NULL,'ACTIVE','F',25,12,'NOT_SENT',NULL,44,NULL),(602,'USHALI GOUTAM',6,2,NULL,'ACTIVE','F',25,13,'NOT_SENT',NULL,46,NULL),(603,'BAISHALI CHAKRABORTY',6,2,NULL,'ACTIVE','F',25,14,'NOT_SENT',NULL,44,NULL),(604,'PRIAM SANTRA',6,2,NULL,'ACTIVE','M',25,15,'NOT_SENT',NULL,42,NULL),(605,'AVIRAJ GHOSH',6,2,NULL,'ACTIVE','M',25,16,'NOT_SENT',NULL,56,NULL),(606,'MALLESH GOLUI',6,2,NULL,'ACTIVE','M',25,17,'NOT_SENT',NULL,26,NULL),(607,'ARONNAK PAUL',6,2,NULL,'ACTIVE','M',25,18,'NOT_SENT',NULL,40,NULL),(608,'RUDRA DHAR',6,2,NULL,'ACTIVE','M',25,19,'NOT_SENT',NULL,58,NULL),(609,'SHRISH DARI',6,2,NULL,'ACTIVE','M',25,20,'NOT_SENT',NULL,44,NULL),(610,'ANKAN SAMANTA',6,2,NULL,'ACTIVE','M',25,21,'NOT_SENT',NULL,40,NULL),(611,'PRIYAM SHEET',6,2,NULL,'ACTIVE','M',25,22,'NOT_SENT',NULL,18,NULL),(612,'PARSHAB ATTA',6,2,NULL,'ACTIVE','M',25,23,'NOT_SENT',NULL,72,NULL),(613,'IFAJ UDDIN',6,2,NULL,'ACTIVE','M',25,24,'NOT_SENT',NULL,NULL,NULL),(614,'SHREYAS DEY',6,2,NULL,'ACTIVE','M',25,25,'NOT_SENT',NULL,40,NULL),(615,'KUSHAL SARKAR',6,2,NULL,'ACTIVE','M',25,26,'NOT_SENT',NULL,44,NULL),(616,'SK. FAHIM SHIHAB',6,2,NULL,'ACTIVE','M',25,27,'NOT_SENT',NULL,70,NULL),(617,'JISHAN CHAI',6,2,NULL,'ACTIVE','M',25,28,'NOT_SENT',NULL,40,NULL),(618,'SUKRIT SEN',6,2,NULL,'ACTIVE','M',25,29,'NOT_SENT',NULL,22,NULL),(619,'ADRITO MONDAL',6,2,NULL,'ACTIVE','M',25,30,'NOT_SENT',NULL,54,NULL),(620,'RITAM NASKAR',6,2,NULL,'ACTIVE','M',25,31,'NOT_SENT',NULL,NULL,NULL),(621,'SRISTI MALIK',6,4,NULL,'ACTIVE','F',25,1,'NOT_SENT',NULL,50,NULL),(622,'ANUSKA BHAT',6,4,NULL,'ACTIVE','F',25,2,'NOT_SENT',NULL,52,NULL),(623,'PRAGATI ROY',6,4,NULL,'ACTIVE','F',25,3,'NOT_SENT',NULL,42,NULL),(624,'SHRUTI MALIK',6,4,NULL,'ACTIVE','F',25,4,'NOT_SENT',NULL,44,NULL),(625,'SUBHANGI GHOSH',6,4,NULL,'ACTIVE','F',25,5,'NOT_SENT',NULL,36,NULL),(626,'SUPARBA GHOSH',6,4,NULL,'ACTIVE','F',25,6,'NOT_SENT',NULL,66,NULL),(627,'CHNANDRAMOULI POLLEY',6,4,NULL,'ACTIVE','F',25,7,'NOT_SENT',NULL,62,NULL),(628,'TRISHA GHOSH',6,4,NULL,'ACTIVE','F',25,8,'NOT_SENT',NULL,62,NULL),(629,'SRIJA MONDAL(1)',6,4,NULL,'ACTIVE','F',25,9,'NOT_SENT',NULL,60,NULL),(630,'SAMADRITA PALIT',6,4,NULL,'ACTIVE','F',25,10,'NOT_SENT',NULL,40,NULL),(631,'ARCHITA DAS',6,4,NULL,'ACTIVE','F',25,11,'NOT_SENT',NULL,44,NULL),(632,'RISHITA DUTTA',6,4,NULL,'ACTIVE','F',25,12,'NOT_SENT',NULL,36,NULL),(633,'DEVJANI DUTTA',6,4,NULL,'ACTIVE','F',25,13,'NOT_SENT',NULL,54,NULL),(634,'AARUSHI PRAJAPATI',6,4,NULL,'ACTIVE','F',25,14,'NOT_SENT',NULL,42,NULL),(635,'ADITI MUDI',6,4,NULL,'ACTIVE','F',25,15,'NOT_SENT',NULL,56,NULL),(636,'SAYANI NASKAR',6,4,NULL,'ACTIVE','F',25,16,'NOT_SENT',NULL,54,NULL),(637,'NAMRATA JALUI',6,4,NULL,'ACTIVE','F',25,17,'NOT_SENT',NULL,54,NULL),(638,'ADRIJA PAL',6,4,NULL,'ACTIVE','F',25,18,'NOT_SENT',NULL,60,NULL),(639,'SANNIDHYA SARKAR',6,4,NULL,'ACTIVE','F',25,19,'NOT_SENT',NULL,34,NULL),(640,'MEGHA DEY',6,4,NULL,'ACTIVE','F',25,20,'NOT_SENT',NULL,40,NULL),(641,'PIYUSHA MUKHERJEE',6,4,NULL,'ACTIVE','F',25,21,'NOT_SENT',NULL,46,NULL),(642,'AARUSHI BASU RAY CHOWDHURY',6,4,NULL,'ACTIVE','F',25,22,'NOT_SENT',NULL,42,NULL),(643,'CHIRASHREE BAG',6,4,NULL,'ACTIVE','F',25,23,'NOT_SENT',NULL,NULL,NULL),(644,'AYUSHI JANA',6,4,NULL,'ACTIVE','F',25,24,'NOT_SENT',NULL,40,NULL),(645,'DEBADRITA DUTTA',6,4,NULL,'ACTIVE','F',25,25,'NOT_SENT',NULL,36,NULL),(646,'TRIDIPTA NASKAR',6,4,NULL,'ACTIVE','F',25,26,'NOT_SENT',NULL,40,NULL),(647,'MITHI GHOSH',6,4,NULL,'ACTIVE','F',25,27,'NOT_SENT',NULL,42,NULL),(648,'RAISA GHOSH',6,4,NULL,'ACTIVE','F',25,28,'NOT_SENT',NULL,54,NULL),(649,'ADRITA GHOSH',6,4,NULL,'ACTIVE','F',25,29,'NOT_SENT',NULL,64,NULL),(650,'KIRTICA DEY',6,4,NULL,'ACTIVE','F',25,30,'NOT_SENT',NULL,56,NULL),(651,'SOUMILI DAS',6,4,NULL,'ACTIVE','F',25,31,'NOT_SENT',NULL,44,NULL),(652,'SRIJITA GHOSH',6,4,NULL,'ACTIVE','F',25,32,'NOT_SENT',NULL,72,NULL),(653,'DEBARGHYA GHOSH',6,4,NULL,'ACTIVE','M',25,33,'NOT_SENT',NULL,60,NULL),(654,'SANKHAYAN GHOSH',6,4,NULL,'ACTIVE','M',25,34,'NOT_SENT',NULL,54,NULL),(655,'ANIK MONDAL',6,4,NULL,'ACTIVE','M',25,35,'NOT_SENT',NULL,60,NULL),(656,'SRIJAN SINGHA',6,4,NULL,'ACTIVE','M',25,36,'NOT_SENT',NULL,48,NULL),(657,'SOURASHIS DAS',6,4,NULL,'ACTIVE','M',25,37,'NOT_SENT',NULL,52,NULL),(658,'ARITRA NASKAR',6,4,NULL,'ACTIVE','M',25,38,'NOT_SENT',NULL,64,NULL),(659,'SANDIPAN SARDAR',6,4,NULL,'ACTIVE','M',25,39,'NOT_SENT',NULL,40,NULL),(660,'ANIRBAN SANTRA',6,4,NULL,'ACTIVE','M',25,40,'NOT_SENT',NULL,40,NULL),(661,'SOURYAJIT GHOSH',6,4,NULL,'ACTIVE','M',25,41,'NOT_SENT',NULL,46,NULL),(662,'SUBHAM KHANRA',6,4,NULL,'ACTIVE','M',25,42,'NOT_SENT',NULL,NULL,NULL),(663,'ARKADEEP  DAS',6,4,NULL,'ACTIVE','M',25,43,'NOT_SENT',NULL,36,NULL),(664,'SAYAN BANK',6,4,NULL,'ACTIVE','M',25,44,'NOT_SENT',NULL,54,NULL),(665,'PRANJAL CHOWDHURI',6,4,NULL,'ACTIVE','M',25,45,'NOT_SENT',NULL,42,NULL),(666,'ARIV DUTTA',6,4,NULL,'ACTIVE','M',25,46,'NOT_SENT',NULL,54,NULL),(667,'PRIYAM BALLAV',6,4,NULL,'ACTIVE','M',25,47,'NOT_SENT',NULL,40,NULL),(668,'SATIRTHA HAZRA',6,4,NULL,'ACTIVE','M',25,48,'NOT_SENT',NULL,68,NULL),(669,'PRATYUSH NASKAR',6,4,NULL,'ACTIVE','M',25,49,'NOT_SENT',NULL,56,NULL),(670,'ANUBRATA PAL',6,4,NULL,'ACTIVE','M',25,50,'NOT_SENT',NULL,52,NULL),(671,'SHUBHAM DAS(1) ',6,4,NULL,'ACTIVE','M',25,51,'NOT_SENT',NULL,46,NULL),(672,'ANKUSH MONDAL',6,4,NULL,'ACTIVE','M',25,52,'NOT_SENT',NULL,56,NULL),(673,'ANIRUDDHA BHAT',6,4,NULL,'ACTIVE','M',25,53,'NOT_SENT',NULL,56,NULL),(674,'SAMPURAN ACHARYA',6,4,NULL,'ACTIVE','M',25,54,'NOT_SENT',NULL,52,NULL),(675,'PRASANNA PATRA',6,4,NULL,'ACTIVE','M',25,55,'NOT_SENT',NULL,36,NULL),(676,'SRIJEET DEB',6,4,NULL,'ACTIVE','M',25,56,'NOT_SENT',NULL,42,NULL),(677,'SK. ASAD HAQUE',6,4,NULL,'ACTIVE','M',25,57,'NOT_SENT',NULL,26,NULL),(678,'UJAN GHOSH',6,4,NULL,'ACTIVE','M',25,58,'NOT_SENT',NULL,50,NULL),(679,'ARITRA SANPUI',6,4,NULL,'ACTIVE','M',25,59,'NOT_SENT',NULL,36,NULL),(680,'REHAN GHOW',6,4,NULL,'ACTIVE','M',25,60,'NOT_SENT',NULL,54,NULL),(681,'SAYANTAN MANNA',6,4,NULL,'ACTIVE','M',25,61,'NOT_SENT',NULL,50,NULL),(682,'DIPANJAN GOSWAMI',6,4,NULL,'ACTIVE','M',25,62,'NOT_SENT',NULL,68,NULL),(683,'ABHIRUP MONDAL',6,4,NULL,'ACTIVE','M',25,63,'NOT_SENT',NULL,42,NULL),(684,'AISHI GHOSH',7,7,NULL,'ACTIVE','F',25,6,'NOT_SENT',NULL,23,NULL),(685,'SNEHA KAMILA',7,7,NULL,'ACTIVE','F',25,7,'NOT_SENT',NULL,NULL,NULL),(686,'KHUSHE MONDAL',7,7,NULL,'ACTIVE','F',25,8,'NOT_SENT',NULL,35,NULL),(687,'MANALI MONDAL',7,7,NULL,'ACTIVE','F',25,9,'NOT_SENT',NULL,NULL,NULL),(688,'RIYA SHAW',7,7,NULL,'ACTIVE','F',25,10,'NOT_SENT',NULL,44,NULL),(689,'BELA SHAW',7,7,NULL,'ACTIVE','F',25,11,'NOT_SENT',NULL,40,NULL),(690,'DISHA GHOSH',7,7,NULL,'ACTIVE','F',25,12,'NOT_SENT',NULL,40,NULL),(691,'SRIJA NEGAL',7,7,NULL,'ACTIVE','F',25,13,'NOT_SENT',NULL,NULL,NULL),(692,'RAIMA MIDDEY',7,7,NULL,'ACTIVE','F',25,14,'NOT_SENT',NULL,50,NULL),(693,'ISHA MONDAL',7,6,NULL,'ACTIVE','F',25,45,'NOT_SENT',NULL,44,NULL),(694,'RIMI RANA',7,6,NULL,'ACTIVE','F',25,46,'NOT_SENT',NULL,45,NULL),(695,'DEBINA GHOSH',7,6,NULL,'ACTIVE','F',25,47,'NOT_SENT',NULL,61,NULL),(696,'SURANJANA KALWAR',7,6,NULL,'ACTIVE','F',25,48,'NOT_SENT',NULL,NULL,NULL),(697,'AINDRILA KUMAR',7,6,NULL,'ACTIVE','F',25,49,'NOT_SENT',NULL,40,NULL),(698,'BISAKHA DAS',7,6,NULL,'ACTIVE','F',25,50,'NOT_SENT',NULL,44,NULL),(699,'SUPRITI DUTTA',7,6,NULL,'ACTIVE','F',25,51,'NOT_SENT',NULL,51,NULL),(700,'SREEJITA KOLEY',7,6,NULL,'ACTIVE','F',25,52,'NOT_SENT',NULL,65,NULL),(701,'PRIYANKA PATRA',7,6,NULL,'ACTIVE','F',25,53,'NOT_SENT',NULL,46,NULL),(702,'BABY SHAW',7,8,NULL,'ACTIVE','F',25,27,'NOT_SENT',NULL,40,NULL),(703,'SRIJANI MARIK',7,8,NULL,'ACTIVE','F',25,28,'NOT_SENT',NULL,46,NULL),(704,'BRISHTI GHOSH',7,8,NULL,'ACTIVE','F',25,29,'NOT_SENT',NULL,61,NULL),(705,'SOBITA GHOSH',7,8,NULL,'ACTIVE','F',25,30,'NOT_SENT',NULL,55,NULL),(706,'SATARUPA POREL',7,8,NULL,'ACTIVE','F',25,31,'NOT_SENT',NULL,23,NULL),(707,'RIYA BASU',7,8,NULL,'ACTIVE','F',25,32,'NOT_SENT',NULL,36,NULL),(708,'RUPSA SARKAR',7,8,NULL,'ACTIVE','F',25,33,'NOT_SENT',NULL,47,NULL),(709,'ARATRIKA CHOWDHURI',7,8,NULL,'ACTIVE','F',25,34,'NOT_SENT',NULL,47,NULL),(710,'DISHA GHOSH',7,8,NULL,'ACTIVE','F',25,35,'NOT_SENT',NULL,34,NULL),(711,'ANKITA BHATAK',7,8,NULL,'ACTIVE','F',25,36,'NOT_SENT',NULL,42,NULL),(712,'ANANYA GHOSH',7,8,NULL,'ACTIVE','F',25,37,'NOT_SENT',NULL,46,NULL),(713,'RUPSA GHOSH',7,8,NULL,'ACTIVE','F',25,38,'NOT_SENT',NULL,34,NULL),(714,'TRISHA GHOSH',7,8,NULL,'ACTIVE','F',25,39,'NOT_SENT',NULL,55,NULL),(715,'RIMA GHOSH',7,8,NULL,'ACTIVE','F',25,40,'NOT_SENT',NULL,50,NULL),(716,'SUBHASHREE PANDIT',7,8,NULL,'ACTIVE','F',25,41,'NOT_SENT',NULL,42,NULL),(717,'NATASHA DAS',7,9,NULL,'ACTIVE','F',25,1,'NOT_SENT',NULL,56,NULL),(718,'RIMI KOLEY',7,9,NULL,'ACTIVE','F',25,2,'NOT_SENT',NULL,60,NULL),(719,'SUHANA MALIK',7,9,NULL,'ACTIVE','F',25,3,'NOT_SENT',NULL,64,NULL),(720,'SURANGANA DAS',7,9,NULL,'ACTIVE','F',25,4,'NOT_SENT',NULL,NULL,NULL),(721,'SHREYA GHOSH',7,7,NULL,'ACTIVE','F',25,15,'NOT_SENT',NULL,40,NULL),(722,'utsav santra',8,8,NULL,'ACTIVE','M',25,42,'NOT_SENT',NULL,54,NULL),(723,'barun das',5,6,NULL,'ACTIVE','M',25,54,'NOT_SENT',NULL,40,NULL),(724,'rick negel',5,6,NULL,'ACTIVE','M',25,55,'NOT_SENT',NULL,43,NULL),(725,'aditya pandit',5,7,NULL,'ACTIVE','M',25,16,'NOT_SENT',NULL,24,NULL),(726,'aniket shaw',5,6,NULL,'ACTIVE','M',25,56,'NOT_SENT',NULL,64,NULL),(727,'arnab paul',5,6,NULL,'ACTIVE','M',25,57,'NOT_SENT',NULL,40,NULL),(728,'ANIK DOLUI',5,6,NULL,'ACTIVE','M',25,58,'NOT_SENT',NULL,60,NULL),(729,'SATWIK GHOSH',5,6,NULL,'ACTIVE','M',25,59,'NOT_SENT',NULL,61,NULL),(730,'ARGHO MANNA',5,6,NULL,'ACTIVE','M',25,60,'NOT_SENT',NULL,46,NULL),(731,'RAJ THAPA',5,6,NULL,'DELETED','M',25,61,'NOT_SENT',NULL,NULL,NULL),(732,'ARPAN FUSTI',5,6,NULL,'ACTIVE','M',25,62,'NOT_SENT',NULL,51,NULL),(733,'SANDIP SAMANTA',5,6,NULL,'ACTIVE','M',25,63,'NOT_SENT',NULL,51,NULL),(734,'PALLAB GHOSH',5,6,NULL,'ACTIVE','M',25,64,'NOT_SENT',NULL,43,NULL),(735,'MAHIT SAMANTA',5,6,NULL,'ACTIVE','M',25,65,'NOT_SENT',NULL,43,NULL),(736,'PALLAB MALIK',5,6,NULL,'ACTIVE','M',25,66,'NOT_SENT',NULL,45,NULL),(737,'AVIJIT DAS',5,6,NULL,'ACTIVE','M',25,67,'NOT_SENT',NULL,47,NULL),(738,'MOITRO PAL',5,6,NULL,'ACTIVE','M',25,68,'NOT_SENT',NULL,46,NULL),(739,'PIYUSH BHATAK',5,6,NULL,'ACTIVE','M',25,69,'NOT_SENT',NULL,47,NULL),(740,'RUPAM BHATTACHARYA',5,6,NULL,'ACTIVE','M',25,70,'NOT_SENT',NULL,55,NULL),(741,'AYAN GHOSH',5,6,NULL,'ACTIVE','M',25,71,'NOT_SENT',NULL,41,NULL),(742,'SK. AKIF',5,5,NULL,'ACTIVE','M',25,47,'NOT_SENT',NULL,58,NULL),(743,'ISHAN ROY',5,5,NULL,'ACTIVE','M',25,48,'NOT_SENT',NULL,70,NULL),(744,'RAHUL ROY',5,5,NULL,'ACTIVE','M',25,49,'NOT_SENT',NULL,52,NULL),(745,'PRIYANGSHU BASU',5,5,NULL,'ACTIVE','M',25,50,'NOT_SENT',NULL,63,NULL),(746,'SHOURJO PAL',5,5,NULL,'ACTIVE','M',25,51,'NOT_SENT',NULL,73,NULL),(747,'KIRAN PATRA',5,5,NULL,'ACTIVE','M',25,52,'NOT_SENT',NULL,56,NULL),(748,'PRANJAL SAMANTA',5,5,NULL,'ACTIVE','M',25,53,'NOT_SENT',NULL,53,NULL),(749,'SWARAJ DAS',5,5,NULL,'ACTIVE','M',25,54,'NOT_SENT',NULL,53,NULL),(750,'ASISH DAS',5,5,NULL,'ACTIVE','M',25,55,'NOT_SENT',NULL,70,NULL),(751,'RISHABH GHOSH',5,5,NULL,'ACTIVE','M',25,56,'NOT_SENT',NULL,49,NULL),(752,'SATWIK DAS',5,5,NULL,'ACTIVE','M',25,57,'NOT_SENT',NULL,46,NULL),(753,'SAYAN SAMANTA',5,5,NULL,'ACTIVE','M',25,58,'NOT_SENT',NULL,50,NULL),(754,'RANGAN ADAK',5,8,NULL,'ACTIVE','M',25,43,'NOT_SENT',NULL,57,NULL),(755,'AKASH KOLEY',5,8,NULL,'ACTIVE','M',25,44,'NOT_SENT',NULL,49,NULL),(756,'SUBHAJIT GHOSH',5,8,NULL,'ACTIVE','M',25,45,'NOT_SENT',NULL,41,NULL),(757,'ACHINTO GHOSH',5,8,NULL,'ACTIVE','M',25,46,'NOT_SENT',NULL,59,NULL),(758,'SHANKAR GHOSH',5,8,NULL,'ACTIVE','M',25,47,'NOT_SENT',NULL,48,NULL),(759,'PROLAY DAS',5,8,NULL,'ACTIVE','M',25,48,'NOT_SENT',NULL,62,NULL),(760,'ROHIT RAUTH',5,8,NULL,'ACTIVE','M',25,49,'NOT_SENT',NULL,58,NULL),(761,'SAKIL AKTAR KHAN',5,8,NULL,'ACTIVE','M',25,50,'NOT_SENT',NULL,53,NULL),(762,'SK. NISATH ISLAM',5,8,NULL,'ACTIVE','M',25,51,'NOT_SENT',NULL,52,NULL),(763,'SOHOM DAS',5,8,NULL,'ACTIVE','M',25,52,'NOT_SENT',NULL,40,NULL),(764,'BIJOY SANTRA',5,8,NULL,'ACTIVE','M',25,53,'NOT_SENT',NULL,40,NULL),(765,'JUNAID MOLLICK',5,8,NULL,'ACTIVE','M',25,54,'NOT_SENT',NULL,49,NULL),(766,'DEPAM SADHUKHAN',5,7,NULL,'ACTIVE','M',25,17,'NOT_SENT',NULL,51,NULL),(767,'SHAYAK SENGUPTA',5,7,NULL,'ACTIVE','M',25,18,'NOT_SENT',NULL,35,NULL),(768,'BITTU MANNA',5,7,NULL,'ACTIVE','M',25,19,'NOT_SENT',NULL,57,NULL),(769,'PRIYAM DAS',5,7,NULL,'ACTIVE','M',25,20,'NOT_SENT',NULL,73,NULL),(770,'ISHAN SINGH',5,7,NULL,'ACTIVE','M',25,21,'NOT_SENT',NULL,46,NULL),(771,'BARUN ROY',5,7,NULL,'ACTIVE','M',25,22,'NOT_SENT',NULL,35,NULL),(772,'ANKAN KARAR',5,7,NULL,'ACTIVE','M',25,23,'NOT_SENT',NULL,50,NULL),(773,'MAINAK DAS',5,7,NULL,'ACTIVE','M',25,24,'NOT_SENT',NULL,59,NULL),(774,'AYAN SAHA',5,6,NULL,'ACTIVE','M',25,72,'NOT_SENT',NULL,44,NULL),(775,'SAMARESH MONDAL',5,9,NULL,'ACTIVE','M',25,5,'NOT_SENT',NULL,62,NULL),(776,'RUPAM MANNA',5,9,NULL,'ACTIVE','M',25,6,'NOT_SENT',NULL,60,NULL),(777,'DEBMALYA GHOSH',5,9,NULL,'ACTIVE','M',25,7,'NOT_SENT',NULL,31,NULL),(778,'SUMIT MONDAL',5,9,NULL,'ACTIVE','M',25,8,'NOT_SENT',NULL,44,NULL),(779,'RUPANKAR GHOSH',5,9,NULL,'ACTIVE','M',25,9,'NOT_SENT',NULL,35,NULL),(780,'RIDDHI CHAKRABORTY',5,9,NULL,'ACTIVE','M',25,10,'NOT_SENT',NULL,49,NULL),(781,'ABHIJIT DEYALI',5,9,NULL,'ACTIVE','M',25,11,'NOT_SENT',NULL,44,NULL),(782,'SATYAM GHOSH',5,9,NULL,'ACTIVE','M',25,12,'NOT_SENT',NULL,70,NULL),(783,'SOUMIK MALIK',5,9,NULL,'ACTIVE','M',25,13,'NOT_SENT',NULL,46,NULL),(784,'SOUVIK SEN',5,9,NULL,'ACTIVE','M',25,14,'NOT_SENT',NULL,55,NULL),(785,'RUDRANIL GHOSH',5,10,NULL,'ACTIVE','M',25,1,'NOT_SENT',NULL,28,NULL),(786,'SK. ASHIK',5,10,NULL,'ACTIVE','M',25,2,'NOT_SENT',NULL,27,NULL),(787,'MEHEFUSH KHAN',5,10,NULL,'ACTIVE','M',25,3,'NOT_SENT',NULL,37,NULL),(788,'diya das',10,2,NULL,'ACTIVE','F',25,32,'NOT_SENT',NULL,18,NULL),(789,'faijal islam mondal',10,2,NULL,'ACTIVE','M',25,33,'NOT_SENT',NULL,36,NULL),(790,'snigdha sharma',10,2,NULL,'ACTIVE','F',25,34,'NOT_SENT',NULL,8,NULL),(791,'afrina khatun',10,2,NULL,'ACTIVE','F',25,35,'NOT_SENT',NULL,32,NULL),(792,'nasrin khatun',10,2,NULL,'ACTIVE','F',25,36,'NOT_SENT',NULL,18,NULL),(793,'adil ali sahana',10,2,NULL,'ACTIVE','M',25,37,'NOT_SENT',NULL,12,NULL),(794,'iyaomin parvin',10,2,NULL,'ACTIVE','F',25,38,'NOT_SENT',NULL,8,NULL),(795,'KULSUM KHATUN',10,2,NULL,'ACTIVE','F',25,39,'NOT_SENT',NULL,28,NULL),(796,'SUMAIYA KHATUN ',10,2,NULL,'ACTIVE','F',25,40,'NOT_SENT',NULL,26,NULL),(797,'dhiman singha',10,2,NULL,'ACTIVE','M',25,41,'NOT_SENT',NULL,8,NULL),(798,'riyanshu panja',10,2,NULL,'ACTIVE','M',25,42,'NOT_SENT',NULL,20,NULL),(799,'raghav biswas',10,3,NULL,'ACTIVE','M',25,62,'NOT_SENT',NULL,44,NULL),(800,'rummana khatun',10,3,NULL,'ACTIVE','F',25,63,'NOT_SENT',NULL,62,NULL),(801,'roshan prajapati',10,3,NULL,'ACTIVE','M',25,64,'NOT_SENT',NULL,34,NULL),(802,'soumyajit dutta',10,3,NULL,'ACTIVE','M',25,65,'NOT_SENT',NULL,44,NULL),(803,'sohini khatun',10,3,NULL,'ACTIVE','F',25,66,'NOT_SENT',NULL,22,NULL),(804,'chandana malik',10,3,NULL,'ACTIVE','F',25,67,'NOT_SENT',NULL,28,NULL),(805,'tutul gupta',10,3,NULL,'ACTIVE','F',25,68,'NOT_SENT',NULL,26,NULL),(806,'aniruddha gupta',10,3,NULL,'ACTIVE','M',25,69,'NOT_SENT',NULL,40,NULL),(807,'ramia khatun',10,3,NULL,'ACTIVE','F',25,70,'NOT_SENT',NULL,44,NULL),(808,'soujanya jana',10,3,NULL,'ACTIVE','F',25,71,'NOT_SENT',NULL,46,NULL),(809,'SAMRIN MONDAL ',10,4,NULL,'ACTIVE','F',25,64,'NOT_SENT',NULL,62,NULL),(810,'ADDINA KHATUN',10,4,NULL,'ACTIVE','F',25,65,'NOT_SENT',NULL,46,NULL),(811,'ALIPSHA KHATUN',10,4,NULL,'ACTIVE','F',25,66,'NOT_SENT',NULL,36,NULL),(812,'babai kunai',10,4,NULL,'ACTIVE','M',25,67,'NOT_SENT',NULL,40,NULL),(813,'jubaiya khatun',10,4,NULL,'ACTIVE','F',25,68,'NOT_SENT',NULL,40,NULL),(814,'rima khatun',10,4,NULL,'ACTIVE','F',25,69,'NOT_SENT',NULL,54,NULL),(815,'md. hammim hossain',10,4,NULL,'ACTIVE','M',25,70,'NOT_SENT',NULL,50,NULL),(816,'nursha khatun',10,4,NULL,'ACTIVE','F',25,71,'NOT_SENT',NULL,50,NULL),(817,'abdulla mondal',10,4,NULL,'ACTIVE','M',25,72,'NOT_SENT',NULL,50,NULL),(818,'md. mijanur rahaman',10,4,NULL,'DELETED','M',25,73,'NOT_SENT',NULL,NULL,NULL),(819,'Dipika Naskar',11,5,NULL,'ACTIVE','F',25,59,'NOT_SENT',NULL,40,NULL),(820,'Disha saha',11,5,NULL,'ACTIVE','F',25,60,'NOT_SENT',NULL,46,NULL),(821,'arifa khatun',11,5,NULL,'ACTIVE','F',25,61,'NOT_SENT',NULL,58,NULL),(822,'afsana khatun',11,5,NULL,'ACTIVE','F',25,62,'NOT_SENT',NULL,34,NULL),(823,'atreyi nag',11,5,NULL,'ACTIVE','F',25,63,'NOT_SENT',NULL,70,NULL),(824,'farhana khatun',11,5,NULL,'ACTIVE','F',25,64,'NOT_SENT',NULL,47,NULL),(825,'dipti pal',11,5,NULL,'ACTIVE','F',25,65,'NOT_SENT',NULL,59,NULL),(826,'rina dutta',11,6,NULL,'ACTIVE','F',25,73,'NOT_SENT',NULL,40,NULL),(827,'rupsa sarkar',11,6,NULL,'ACTIVE','F',25,74,'NOT_SENT',NULL,NULL,NULL),(828,'ajija khatun',11,6,NULL,'ACTIVE','F',25,75,'NOT_SENT',NULL,40,NULL),(829,'manika sadhukhan',11,6,NULL,'ACTIVE','F',25,76,'NOT_SENT',NULL,43,NULL),(830,'rinki das',11,6,NULL,'ACTIVE','F',25,77,'NOT_SENT',NULL,42,NULL),(831,'maryam molla',11,7,NULL,'ACTIVE','F',25,25,'NOT_SENT',NULL,26,NULL),(832,'kaniz fatema',11,7,NULL,'ACTIVE','F',25,26,'NOT_SENT',NULL,31,NULL),(833,'piyasha ray',11,7,NULL,'DELETED','F',25,27,'NOT_SENT',NULL,NULL,NULL),(834,'trisha gayen',11,7,NULL,'DELETED','F',25,28,'NOT_SENT',NULL,NULL,NULL),(835,'hena khatun',11,7,NULL,'DELETED','F',25,29,'NOT_SENT',NULL,NULL,NULL),(836,'trishannita',11,7,NULL,'DELETED','F',25,30,'NOT_SENT',NULL,NULL,NULL),(837,'piyasha ray',11,8,NULL,'ACTIVE','F',25,55,'NOT_SENT',NULL,50,NULL),(838,'trisha gayen',11,8,NULL,'ACTIVE','F',25,56,'NOT_SENT',NULL,49,NULL),(839,'hena khatun',11,8,NULL,'ACTIVE','F',25,57,'NOT_SENT',NULL,32,NULL),(840,'TRISHANNIT DAS',11,8,NULL,'ACTIVE','F',25,58,'NOT_SENT',NULL,32,NULL),(841,'ankita ray',11,8,NULL,'ACTIVE','F',25,59,'NOT_SENT',NULL,30,NULL),(842,'chaitali maity',11,8,NULL,'ACTIVE','F',25,60,'NOT_SENT',NULL,43,NULL),(843,'souprika ghosh',11,8,NULL,'ACTIVE','F',25,61,'NOT_SENT',NULL,51,NULL),(844,'sathi naskar',11,8,NULL,'ACTIVE','F',25,62,'NOT_SENT',NULL,58,NULL),(845,'debi naskar',11,8,NULL,'ACTIVE','F',25,63,'NOT_SENT',NULL,60,NULL),(846,'puja porel',11,8,NULL,'ACTIVE','F',25,64,'NOT_SENT',NULL,70,NULL),(847,'samiya khatun',11,8,NULL,'ACTIVE','F',25,65,'NOT_SENT',NULL,NULL,NULL),(848,'nargis khatun',11,9,NULL,'ACTIVE','F',25,15,'NOT_SENT',NULL,23,NULL),(849,'rojina khatun',11,9,NULL,'ACTIVE','F',25,16,'NOT_SENT',NULL,22,NULL),(850,'habiba khatun',11,9,NULL,'ACTIVE','F',25,17,'NOT_SENT',NULL,31,NULL),(851,'sania khatun ',11,9,NULL,'ACTIVE','F',25,18,'NOT_SENT',NULL,31,NULL),(852,'diposree gupta',11,9,NULL,'ACTIVE','F',25,19,'NOT_SENT',NULL,35,NULL),(853,'kehkashan tabbasum',11,9,NULL,'ACTIVE','F',25,20,'NOT_SENT',NULL,34,NULL),(854,'smita dutta',11,9,NULL,'ACTIVE','F',25,21,'NOT_SENT',NULL,51,NULL),(855,'ANESHA KHATUN',11,5,NULL,'ACTIVE','F',25,66,'NOT_SENT',NULL,20,NULL),(856,'nargis tarafdar',11,5,NULL,'ACTIVE','F',25,67,'NOT_SENT',NULL,34,NULL),(857,'muskan khatun',11,5,NULL,'ACTIVE','F',25,68,'NOT_SENT',NULL,25,NULL),(858,'ishika mondal',11,10,NULL,'ACTIVE','F',25,4,'NOT_SENT',NULL,31,NULL),(859,'ipsita ballav',11,9,NULL,'ACTIVE','F',25,22,'NOT_SENT',NULL,30,NULL),(860,'RAI KAMUR',10,2,NULL,'ACTIVE','F',25,43,'NOT_SENT',NULL,6,NULL),(861,'sk rumesha khatun',10,4,NULL,'ACTIVE','F',25,74,'NOT_SENT',NULL,48,NULL),(862,'BINAYANTI MONDAL',10,4,NULL,'ACTIVE','F',25,75,'NOT_SENT',NULL,42,NULL),(863,'soma boral',15,5,NULL,'ACTIVE','F',25,69,'NOT_SENT',NULL,50,NULL),(864,'priya ghosh',13,5,NULL,'ACTIVE','F',25,70,'NOT_SENT',NULL,43,NULL),(865,'ansura khatun',13,5,NULL,'ACTIVE','F',25,71,'NOT_SENT',NULL,40,NULL),(866,'soumyadip ghosh',13,5,NULL,'ACTIVE','M',25,72,'NOT_SENT',NULL,46,NULL),(867,'sridhar atta',13,10,NULL,'ACTIVE','M',25,5,'NOT_SENT',NULL,NULL,NULL),(868,'priyanka boral',13,8,NULL,'ACTIVE','F',25,66,'NOT_SENT',NULL,NULL,NULL),(869,'teesa basu',13,8,NULL,'ACTIVE','F',25,67,'NOT_SENT',NULL,36,NULL),(870,'soumojit pal',13,8,NULL,'ACTIVE','M',25,68,'NOT_SENT',NULL,32,NULL),(871,'sameya boral',14,2,NULL,'ACTIVE','F',25,44,'NOT_SENT',NULL,34,NULL),(872,'snigdha chakraborty',14,4,NULL,'ACTIVE','F',25,76,'NOT_SENT',NULL,60,NULL),(873,'riju manna',13,6,NULL,'ACTIVE','M',25,78,'NOT_SENT',NULL,43,NULL),(874,'soumyo mondal',5,5,NULL,'ACTIVE','M',25,73,'NOT_SENT',NULL,59,NULL),(875,'biplob pal',16,9,NULL,'ACTIVE','M',25,23,'NOT_SENT',NULL,73,NULL),(876,'sonkha barh',16,9,NULL,'ACTIVE','M',25,24,'NOT_SENT',NULL,74,NULL),(877,'ronobir dey',5,6,NULL,'ACTIVE','M',25,79,'NOT_SENT',NULL,40,NULL),(878,'aritra mandal',5,5,NULL,'ACTIVE','M',25,74,'NOT_SENT',NULL,70,NULL),(879,'debraj nag',17,4,NULL,'ACTIVE','M',25,77,'NOT_SENT',NULL,48,NULL),(880,'aarit das',18,4,NULL,'ACTIVE','M',25,78,'NOT_SENT',NULL,30,NULL),(881,'ankush dolui',18,4,NULL,'ACTIVE','M',25,79,'NOT_SENT',NULL,30,NULL),(882,'JOYOTIRISH SINHA',18,2,NULL,'ACTIVE','M',25,45,'NOT_SENT',NULL,62,NULL),(883,'soumili paul',18,3,NULL,'ACTIVE','F',25,72,'NOT_SENT',NULL,30,NULL),(884,'jishnu bhar',6,6,NULL,'ACTIVE','M',25,80,'NOT_SENT',NULL,68,NULL),(885,'najira khatun',11,5,NULL,'ACTIVE','F',25,75,'NOT_SENT',NULL,53,NULL),(886,'juairiya nasrin',11,6,NULL,'ACTIVE','F',25,81,'NOT_SENT',NULL,46,NULL),(887,'munia khatun',11,6,NULL,'ACTIVE','F',25,82,'NOT_SENT',NULL,40,NULL),(888,'mafuja khatun',19,4,NULL,'ACTIVE','F',25,80,'NOT_SENT',NULL,24,NULL),(889,'alisha khatun',19,4,NULL,'ACTIVE','F',25,81,'NOT_SENT',NULL,36,NULL),(890,'monalisha sardar',19,4,NULL,'ACTIVE','F',25,82,'NOT_SENT',NULL,24,NULL),(891,'kaifa khatun',19,4,NULL,'ACTIVE','F',25,83,'NOT_SENT',NULL,44,NULL),(892,'srijita roy',19,4,NULL,'ACTIVE','F',25,84,'NOT_SENT',NULL,32,NULL),(893,'joyshree ray',19,4,NULL,'ACTIVE','F',25,85,'NOT_SENT',NULL,44,NULL),(894,'humayira khatun',19,4,NULL,'ACTIVE','F',25,86,'NOT_SENT',NULL,34,NULL),(895,'sk jannatul firdous',19,4,NULL,'ACTIVE','F',25,87,'NOT_SENT',NULL,44,NULL),(896,'sk farzan',19,4,NULL,'ACTIVE','M',25,88,'NOT_SENT',NULL,46,NULL),(897,'md umair laskar',19,4,NULL,'ACTIVE','M',25,89,'NOT_SENT',NULL,40,NULL),(898,'sk nowsim',19,4,NULL,'ACTIVE','M',25,90,'NOT_SENT',NULL,40,NULL),(899,'sk abdulla ali',19,3,NULL,'ACTIVE','M',25,73,'NOT_SENT',NULL,20,NULL),(900,'mohamin ali mallick',19,2,NULL,'ACTIVE','M',25,46,'NOT_SENT',NULL,18,NULL),(901,'labani dutta',19,3,NULL,'ACTIVE','F',25,74,'NOT_SENT',NULL,48,NULL),(902,'fatema khatun',19,3,NULL,'ACTIVE','F',25,75,'NOT_SENT',NULL,36,NULL),(903,'sania aka khatun',19,3,NULL,'ACTIVE','F',25,76,'NOT_SENT',NULL,46,NULL),(904,'yeasmina khatun ',19,3,NULL,'ACTIVE','F',25,77,'NOT_SENT',NULL,42,NULL),(905,'rabia basri',19,3,NULL,'ACTIVE','F',25,78,'NOT_SENT',NULL,54,NULL),(906,'sukaina khatun',19,2,NULL,'ACTIVE','F',25,47,'NOT_SENT',NULL,22,NULL),(907,'sayeba khatun',19,2,NULL,'ACTIVE','F',25,48,'NOT_SENT',NULL,14,NULL),(908,'sneha khatun',19,2,NULL,'ACTIVE','F',25,49,'NOT_SENT',NULL,48,NULL),(909,'mariya khatun',19,2,NULL,'ACTIVE','F',25,50,'NOT_SENT',NULL,36,NULL),(910,'sohan mollick',19,2,NULL,'ACTIVE','M',25,51,'NOT_SENT',NULL,28,NULL),(911,'anushree roy',13,10,NULL,'ACTIVE','F',25,6,'NOT_SENT',NULL,26,NULL),(912,'suniti mondal',13,10,NULL,'ACTIVE','F',25,7,'NOT_SENT',NULL,33,NULL),(913,'ananya malik',13,10,NULL,'ACTIVE','F',25,8,'NOT_SENT',NULL,40,NULL),(914,'sonali ghosh',13,10,NULL,'ACTIVE','F',25,9,'NOT_SENT',NULL,32,NULL),(915,'hitabrata sabui',6,2,NULL,'ACTIVE','M',25,52,'NOT_SENT',NULL,36,NULL),(916,'himangshu ghosh',6,3,NULL,'ACTIVE','M',25,79,'NOT_SENT',NULL,48,NULL),(917,'soumojit dhara',20,4,NULL,'ACTIVE','M',25,91,'NOT_SENT',NULL,52,NULL),(918,'ayush pal',20,4,NULL,'ACTIVE','M',25,92,'NOT_SENT',NULL,40,NULL),(919,'priyojit ghosh',20,4,NULL,'ACTIVE','M',25,93,'NOT_SENT',NULL,50,NULL),(920,'payel sen',20,4,NULL,'ACTIVE','F',25,94,'NOT_SENT',NULL,NULL,NULL),(921,'sanchita majhi',20,4,NULL,'ACTIVE','F',25,95,'NOT_SENT',NULL,36,NULL),(922,'ESHANI BASU',20,4,NULL,'ACTIVE','F',25,96,'NOT_SENT',NULL,42,NULL),(923,'neha ghosh',20,4,NULL,'ACTIVE','F',25,97,'NOT_SENT',NULL,52,NULL),(924,'anewsa hazra',21,2,NULL,'ACTIVE','F',25,53,'NOT_SENT',NULL,NULL,NULL),(925,'arna roy',21,2,NULL,'ACTIVE','F',25,54,'NOT_SENT',NULL,54,NULL),(926,'arnab hazra',21,2,NULL,'ACTIVE','M',25,55,'NOT_SENT',NULL,NULL,NULL),(927,'samriddha roy',21,2,NULL,'ACTIVE','M',25,56,'NOT_SENT',NULL,58,NULL),(928,'adrish ghosh',21,2,NULL,'ACTIVE','M',25,57,'NOT_SENT',NULL,54,NULL),(929,'ayush das',21,2,NULL,'ACTIVE','M',25,58,'NOT_SENT',NULL,56,NULL),(930,'ahana das',21,3,NULL,'ACTIVE','F',25,80,'NOT_SENT',NULL,NULL,NULL),(931,'adrika nandi',21,3,NULL,'ACTIVE','F',25,81,'NOT_SENT',NULL,28,NULL),(932,'anushka nandi',21,3,NULL,'ACTIVE','F',25,82,'NOT_SENT',NULL,32,NULL),(933,'ritika chai',21,3,NULL,'ACTIVE','F',25,83,'NOT_SENT',NULL,44,NULL),(934,'anish kanjilal',21,3,NULL,'ACTIVE','M',25,84,'NOT_SENT',NULL,40,NULL),(935,'anit gaunia',21,3,NULL,'ACTIVE','M',25,85,'NOT_SENT',NULL,40,NULL),(936,'pritam dhang',21,3,NULL,'ACTIVE','M',25,86,'NOT_SENT',NULL,26,NULL),(937,'sayan jana',21,4,NULL,'ACTIVE','M',25,98,'NOT_SENT',NULL,56,NULL),(938,'sauransu mudi',21,4,NULL,'ACTIVE','M',25,99,'NOT_SENT',NULL,40,NULL),(939,'sreyan biswas',21,4,NULL,'ACTIVE','M',25,100,'NOT_SENT',NULL,60,NULL),(940,'arnab jha',21,4,NULL,'ACTIVE','M',25,101,'NOT_SENT',NULL,44,NULL),(941,'rajdip ghosh',21,4,NULL,'ACTIVE','M',25,102,'NOT_SENT',NULL,30,NULL),(942,'debarpan roy',21,5,NULL,'ACTIVE','M',25,77,'NOT_SENT',NULL,61,NULL),(943,'ANKON SHEE',21,5,NULL,'ACTIVE','M',25,76,'NOT_SENT',NULL,70,NULL),(944,'souparna sarkar',21,5,NULL,'ACTIVE','M',25,78,'NOT_SENT',NULL,42,NULL),(945,'anik choudhury',21,5,NULL,'ACTIVE','M',25,79,'NOT_SENT',NULL,48,NULL),(946,'monojit hait',21,5,NULL,'ACTIVE','M',25,80,'NOT_SENT',NULL,50,NULL),(947,'subhadip pan',21,5,NULL,'ACTIVE','M',25,81,'NOT_SENT',NULL,41,NULL),(948,'piyasa das',21,4,NULL,'ACTIVE','F',25,103,'NOT_SENT',NULL,32,NULL),(949,'araddha mahato',21,4,NULL,'ACTIVE','F',25,104,'NOT_SENT',NULL,34,NULL),(950,'TANIA KOUR',21,4,NULL,'ACTIVE','F',25,105,'NOT_SENT',NULL,46,NULL),(951,'oishani pal',21,4,NULL,'ACTIVE','F',25,106,'NOT_SENT',NULL,50,NULL),(952,'biraj genree',5,2,NULL,'ACTIVE','M',25,59,'NOT_SENT',NULL,64,NULL),(953,'soyel laskar',19,4,NULL,'ACTIVE','M',25,107,'NOT_SENT',NULL,36,NULL),(954,'anshu haldar',6,5,NULL,'ACTIVE','M',25,82,'NOT_SENT',NULL,61,NULL),(955,'sahil ghoshal',6,5,NULL,'ACTIVE','M',25,83,'NOT_SENT',NULL,55,NULL),(956,'srija bagui',22,2,NULL,'ACTIVE','F',25,60,'NOT_SENT',NULL,60,NULL),(957,'rai patra',22,2,NULL,'ACTIVE','F',25,61,'NOT_SENT',NULL,30,NULL),(958,'soumodeep bagi',22,2,NULL,'ACTIVE','M',25,62,'NOT_SENT',NULL,24,NULL),(959,'abhra polen',22,3,NULL,'ACTIVE','M',25,87,'NOT_SENT',NULL,50,NULL),(960,'raj chakraborty',22,3,NULL,'ACTIVE','M',25,88,'NOT_SENT',NULL,40,NULL),(961,'paromita ghosh',22,3,NULL,'ACTIVE','F',25,89,'NOT_SENT',NULL,54,NULL),(962,'soumani chakraborty',22,3,NULL,'ACTIVE','F',25,90,'NOT_SENT',NULL,36,NULL),(963,'sanghamitra palui',22,4,NULL,'ACTIVE','F',25,108,'NOT_SENT',NULL,34,NULL),(964,'anindita pramanik',22,5,NULL,'ACTIVE','F',25,84,'NOT_SENT',NULL,71,NULL),(965,'rubi nebu',22,5,NULL,'ACTIVE','F',25,85,'NOT_SENT',NULL,43,NULL),(966,'oishik das',23,2,NULL,'ACTIVE','M',25,63,'NOT_SENT',NULL,42,NULL),(967,'swastika kurmi',24,2,NULL,'ACTIVE','F',25,64,'NOT_SENT',NULL,28,NULL),(968,'simrin khatun',24,2,NULL,'ACTIVE','F',25,65,'NOT_SENT',NULL,44,NULL),(969,'Asrin Khatun',24,2,NULL,'ACTIVE','F',25,66,'NOT_SENT',NULL,20,NULL),(970,'Sonia Mondal',24,2,NULL,'ACTIVE','F',25,67,'NOT_SENT',NULL,26,NULL),(971,'Aditi Sarkar',24,2,NULL,'ACTIVE','F',25,68,'NOT_SENT',NULL,48,NULL),(972,'Pritha Das',24,2,NULL,'ACTIVE','F',25,69,'NOT_SENT',NULL,56,NULL),(973,'Megha Chakraborty ',24,2,NULL,'ACTIVE','F',25,70,'NOT_SENT',NULL,40,NULL),(974,'Mithi Sasmal',24,2,NULL,'ACTIVE','F',25,71,'NOT_SENT',NULL,52,NULL),(975,'Farha Mallick',24,2,NULL,'ACTIVE','F',25,72,'NOT_SENT',NULL,42,NULL),(976,'Sonia Mallick',24,2,NULL,'ACTIVE','F',25,73,'NOT_SENT',NULL,44,NULL),(977,'Rupita Jana',24,2,NULL,'ACTIVE','F',25,74,'NOT_SENT',NULL,44,NULL),(978,'Soujannya Chakraborty ',24,2,NULL,'ACTIVE','F',25,75,'NOT_SENT',NULL,34,NULL),(979,'Jannat Khatun',24,2,NULL,'ACTIVE','F',25,76,'NOT_SENT',NULL,56,NULL),(980,'SRIVIDHYA HAZRA',24,2,NULL,'ACTIVE','F',25,77,'NOT_SENT',NULL,62,NULL),(981,'Sampriti Das',24,3,NULL,'ACTIVE','F',25,91,'NOT_SENT',NULL,NULL,NULL),(982,'Sampriti Das',24,3,NULL,'ACTIVE','F',25,92,'NOT_SENT',NULL,54,NULL),(983,'Sampurna Jana',24,3,NULL,'ACTIVE','F',25,93,'NOT_SENT',NULL,54,NULL),(984,'Apurba Jana',24,3,NULL,'ACTIVE','F',25,94,'NOT_SENT',NULL,56,NULL),(985,'Sayantika Ruidas',24,3,NULL,'ACTIVE','F',25,95,'NOT_SENT',NULL,40,NULL),(986,'Rahi Sabi',24,3,NULL,'ACTIVE','F',25,96,'NOT_SENT',NULL,44,NULL),(987,'Suhana Das',24,3,NULL,'ACTIVE','F',25,97,'NOT_SENT',NULL,46,NULL),(988,'Jesmina Khatun',24,3,NULL,'ACTIVE','F',25,98,'NOT_SENT',NULL,58,NULL),(989,'NAJMIN KHATUN ',24,3,NULL,'ACTIVE','F',25,99,'NOT_SENT',NULL,54,NULL),(990,'Tulika Ruidas',24,3,NULL,'ACTIVE','F',25,100,'NOT_SENT',NULL,42,NULL),(991,'Nasrin Khatun',24,3,NULL,'ACTIVE','F',25,101,'NOT_SENT',NULL,40,NULL),(992,'Anwesha Mal',24,3,NULL,'ACTIVE','F',25,102,'NOT_SENT',NULL,46,NULL),(993,'Akriti Moyra',24,3,NULL,'ACTIVE','F',25,103,'NOT_SENT',NULL,NULL,NULL),(994,'Punam Ray',24,3,NULL,'ACTIVE','F',25,104,'NOT_SENT',NULL,42,NULL),(995,'Joynab Khatun',24,3,NULL,'ACTIVE','F',25,105,'NOT_SENT',NULL,48,NULL),(996,'Maitreyee Gharami',24,3,NULL,'ACTIVE','F',25,106,'NOT_SENT',NULL,48,NULL),(997,'Archita Mondal',24,3,NULL,'ACTIVE','F',25,107,'NOT_SENT',NULL,36,NULL),(998,'Sreoshi Sing',24,3,NULL,'ACTIVE','F',25,108,'NOT_SENT',NULL,32,NULL),(999,'Sampriti Das',24,3,NULL,'DELETED','F',25,109,'NOT_SENT',NULL,NULL,NULL),(1000,'Tanisiya Das',24,3,NULL,'ACTIVE','F',25,110,'NOT_SENT',NULL,54,NULL),(1001,'Sudipta Pal',24,3,NULL,'ACTIVE','F',25,111,'NOT_SENT',NULL,42,NULL),(1002,'Tania SK.',24,3,NULL,'ACTIVE','F',25,112,'NOT_SENT',NULL,30,NULL),(1003,'Surasree Nandi',24,4,NULL,'ACTIVE','F',25,109,'NOT_SENT',NULL,60,NULL),(1004,'Kamalika Roy',24,4,NULL,'ACTIVE','F',25,110,'NOT_SENT',NULL,34,NULL),(1005,'Susmita Kurmi',24,4,NULL,'ACTIVE','F',25,111,'NOT_SENT',NULL,44,NULL),(1006,'Isha Karar',24,4,NULL,'ACTIVE','F',25,112,'NOT_SENT',NULL,50,NULL),(1007,'Katha Sabi',24,4,NULL,'ACTIVE','F',25,113,'NOT_SENT',NULL,44,NULL),(1008,'Ayushi Ruidas',24,4,NULL,'ACTIVE','F',25,114,'NOT_SENT',NULL,44,NULL),(1009,'SAGORIKA DAS',24,4,NULL,'ACTIVE','F',25,115,'NOT_SENT',NULL,20,NULL),(1010,'Srijita Gharami',24,4,NULL,'ACTIVE','F',25,116,'NOT_SENT',NULL,54,NULL),(1011,'isha das',24,4,NULL,'ACTIVE','F',25,117,'NOT_SENT',NULL,NULL,NULL),(1012,'Preti Ghosh',24,4,NULL,'ACTIVE','F',25,118,'NOT_SENT',NULL,56,NULL),(1013,'Sreyasha Karan',24,4,NULL,'ACTIVE','F',25,119,'NOT_SENT',NULL,54,NULL),(1014,'Ishita Das',24,4,NULL,'ACTIVE','F',25,120,'NOT_SENT',NULL,56,NULL),(1015,'Soumili Biswas',24,4,NULL,'ACTIVE','F',25,121,'NOT_SENT',NULL,40,NULL),(1016,'Anwesha Pal',24,4,NULL,'ACTIVE','F',25,122,'NOT_SENT',NULL,50,NULL),(1017,'Sukanya Parui',24,4,NULL,'ACTIVE','F',25,123,'NOT_SENT',NULL,46,NULL),(1018,'Anika Khan',24,4,NULL,'ACTIVE','F',25,124,'NOT_SENT',NULL,54,NULL),(1019,'Suha Das',24,4,NULL,'ACTIVE','F',25,125,'NOT_SENT',NULL,54,NULL),(1020,'Soumi Santra',24,4,NULL,'ACTIVE','F',25,126,'NOT_SENT',NULL,46,NULL),(1021,'Pritasri Roy',24,4,NULL,'ACTIVE','F',25,127,'NOT_SENT',NULL,34,NULL),(1022,'Suhana Khatun',24,4,NULL,'ACTIVE','F',25,128,'NOT_SENT',NULL,32,NULL),(1023,'Piyasha Mal',24,4,NULL,'ACTIVE','F',25,129,'NOT_SENT',NULL,54,NULL),(1024,'Sreja Koley',24,4,NULL,'ACTIVE','F',25,130,'NOT_SENT',NULL,44,NULL),(1025,'Soumi Bank',24,4,NULL,'ACTIVE','F',25,131,'NOT_SENT',NULL,42,NULL),(1026,'Trisha Das',24,4,NULL,'ACTIVE','F',25,132,'NOT_SENT',NULL,50,NULL),(1027,'payel koley',24,2,NULL,'ACTIVE','F',25,78,'NOT_SENT',NULL,44,NULL),(1028,'anwesha mukherjee',24,3,NULL,'ACTIVE','F',25,113,'NOT_SENT',NULL,48,NULL),(1029,'saikat karmakar',6,2,NULL,'ACTIVE','M',25,79,'NOT_SENT',NULL,76,NULL),(1030,'nishan tala',6,2,NULL,'ACTIVE','M',25,80,'NOT_SENT',NULL,64,NULL),(1031,'adrish sit',6,2,NULL,'ACTIVE','M',25,81,'NOT_SENT',NULL,66,NULL),(1032,'moyukh mondal',6,2,NULL,'ACTIVE','M',25,82,'NOT_SENT',NULL,68,NULL),(1033,'argha banerjee',6,2,NULL,'ACTIVE','M',25,83,'NOT_SENT',NULL,NULL,NULL),(1034,'abul ala sefa',6,2,NULL,'ACTIVE','M',25,84,'NOT_SENT',NULL,20,NULL),(1035,'rajdip palui',6,2,NULL,'ACTIVE','M',25,85,'NOT_SENT',NULL,48,NULL),(1036,'jiyas das',6,2,NULL,'ACTIVE','M',25,86,'NOT_SENT',NULL,2,NULL),(1037,'saptak thakur',6,2,NULL,'ACTIVE','M',25,87,'NOT_SENT',NULL,62,NULL),(1038,'agnijeet pan',6,2,NULL,'ACTIVE','M',25,88,'NOT_SENT',NULL,26,NULL),(1039,'alinjar kr. mondal',6,2,NULL,'ACTIVE','M',25,89,'NOT_SENT',NULL,40,NULL),(1040,'biswarup bose',6,2,NULL,'ACTIVE','M',25,90,'NOT_SENT',NULL,46,NULL),(1041,'sanglap rana',6,2,NULL,'ACTIVE','M',25,91,'NOT_SENT',NULL,54,NULL),(1042,'ahan das',6,2,NULL,'ACTIVE','M',25,92,'NOT_SENT',NULL,40,NULL),(1043,'parijat ghosh',6,2,NULL,'ACTIVE','M',25,93,'NOT_SENT',NULL,32,NULL),(1044,'SABA PARVIN',6,2,NULL,'ACTIVE','F',25,94,'NOT_SENT',NULL,54,NULL),(1045,'srijita dhara',6,2,NULL,'ACTIVE','F',25,95,'NOT_SENT',NULL,34,NULL),(1046,'AISHE MONDAL-1',6,2,NULL,'ACTIVE','F',25,96,'NOT_SENT',NULL,34,NULL),(1047,'anushka das',6,2,NULL,'ACTIVE','F',25,97,'NOT_SENT',NULL,56,NULL),(1048,'souravi mudi',6,2,NULL,'ACTIVE','F',25,98,'NOT_SENT',NULL,20,NULL),(1049,'debadrita kundu',6,2,NULL,'ACTIVE','F',25,99,'NOT_SENT',NULL,NULL,NULL),(1050,'ditipriya majhi',6,2,NULL,'ACTIVE','F',25,100,'NOT_SENT',NULL,20,NULL),(1051,'samriddhi basak',6,2,NULL,'ACTIVE','F',25,101,'NOT_SENT',NULL,52,NULL),(1052,'supreetha sardar',6,2,NULL,'ACTIVE','F',25,102,'NOT_SENT',NULL,62,NULL),(1053,'prakriti majumder',6,2,NULL,'ACTIVE','F',25,103,'NOT_SENT',NULL,50,NULL),(1054,'sreeja ghosh',6,2,NULL,'ACTIVE','F',25,104,'NOT_SENT',NULL,64,NULL),(1055,'prapti karmakar',6,2,NULL,'ACTIVE','F',25,105,'NOT_SENT',NULL,36,NULL),(1056,'annesha adak',6,2,NULL,'ACTIVE','F',25,106,'NOT_SENT',NULL,44,NULL),(1057,'porna aich',6,2,NULL,'ACTIVE','F',25,107,'NOT_SENT',NULL,28,NULL),(1058,'esha chakraborty',6,2,NULL,'ACTIVE','F',25,108,'NOT_SENT',NULL,22,NULL),(1059,'sinjini ghosh',6,2,NULL,'ACTIVE','F',25,109,'NOT_SENT',NULL,36,NULL),(1060,'aradhya ghosh',6,2,NULL,'ACTIVE','F',25,110,'NOT_SENT',NULL,70,NULL),(1061,'rajonna banerjee',6,2,NULL,'ACTIVE','F',25,111,'NOT_SENT',NULL,46,NULL),(1062,'sharmishtha ghosh',6,9,NULL,'ACTIVE','F',25,25,'NOT_SENT',NULL,72,NULL),(1063,'prathama pal ',6,9,NULL,'ACTIVE','F',25,26,'NOT_SENT',NULL,49,NULL),(1064,'debangana mazumdar',6,9,NULL,'ACTIVE','F',25,27,'NOT_SENT',NULL,67,NULL),(1065,'iti china',6,9,NULL,'ACTIVE','F',25,28,'NOT_SENT',NULL,70,NULL),(1066,'monali pal',6,9,NULL,'ACTIVE','F',25,29,'NOT_SENT',NULL,75,NULL),(1067,'puspita sadhu',6,9,NULL,'ACTIVE','F',25,30,'NOT_SENT',NULL,75,NULL),(1068,'sujasha chowdhury',6,9,NULL,'ACTIVE','F',25,31,'NOT_SENT',NULL,45,NULL),(1069,'adrita ghosh',6,9,NULL,'ACTIVE','F',25,32,'NOT_SENT',NULL,NULL,NULL),(1070,'seersha sabui',6,9,NULL,'ACTIVE','F',25,33,'NOT_SENT',NULL,45,NULL),(1071,'rajani laskar',6,9,NULL,'ACTIVE','F',25,34,'NOT_SENT',NULL,56,NULL),(1072,'santrita das',6,4,NULL,'ACTIVE','F',25,133,'NOT_SENT',NULL,42,NULL),(1073,'krittika modak',6,4,NULL,'ACTIVE','F',25,134,'NOT_SENT',NULL,60,NULL),(1074,'prapti das',6,4,NULL,'ACTIVE','F',25,135,'NOT_SENT',NULL,48,NULL),(1075,'shreesha chatterjee',6,4,NULL,'ACTIVE','F',25,136,'NOT_SENT',NULL,42,NULL),(1076,'anuska ghosh',6,4,NULL,'ACTIVE','F',25,137,'NOT_SENT',NULL,60,NULL),(1077,'arnabi das',6,4,NULL,'ACTIVE','F',25,138,'NOT_SENT',NULL,44,NULL),(1078,'sayani saha',6,4,NULL,'ACTIVE','F',25,139,'NOT_SENT',NULL,NULL,NULL),(1079,'ahana bera',6,4,NULL,'ACTIVE','F',25,140,'NOT_SENT',NULL,46,NULL),(1080,'sayoni biswas',6,4,NULL,'ACTIVE','F',25,141,'NOT_SENT',NULL,40,NULL),(1081,'saronee manna',6,4,NULL,'ACTIVE','F',25,142,'NOT_SENT',NULL,46,NULL),(1082,'moupriya khan',6,4,NULL,'ACTIVE','F',25,143,'NOT_SENT',NULL,40,NULL),(1083,'shreya jana',6,4,NULL,'ACTIVE','F',25,144,'NOT_SENT',NULL,48,NULL),(1084,'adrija das',6,4,NULL,'ACTIVE','F',25,145,'NOT_SENT',NULL,50,NULL),(1085,'TANVIR SARKAR',6,9,NULL,'ACTIVE','M',25,35,'NOT_SENT',NULL,58,NULL),(1086,'ritesh koley',6,9,NULL,'ACTIVE','M',25,36,'NOT_SENT',NULL,56,NULL),(1087,'agnisudho adhikary',6,9,NULL,'ACTIVE','M',25,37,'NOT_SENT',NULL,58,NULL),(1088,'soumajit roy',6,9,NULL,'ACTIVE','M',25,38,'NOT_SENT',NULL,64,NULL),(1089,'sowptick karmakar',6,9,NULL,'ACTIVE','M',25,39,'NOT_SENT',NULL,52,NULL),(1090,'puskar ghosh',6,9,NULL,'ACTIVE','M',25,40,'NOT_SENT',NULL,59,NULL),(1091,'anirban dey',6,9,NULL,'ACTIVE','M',25,41,'NOT_SENT',NULL,46,NULL),(1092,'ayushman karmakar',6,9,NULL,'ACTIVE','M',25,42,'NOT_SENT',NULL,57,NULL),(1093,'subhodip hazra',6,9,NULL,'ACTIVE','M',25,43,'NOT_SENT',NULL,57,NULL),(1094,'PREETISH DAS',6,9,NULL,'ACTIVE','M',25,44,'NOT_SENT',NULL,49,NULL),(1095,'eshaan banerjee',6,9,NULL,'ACTIVE','M',25,45,'NOT_SENT',NULL,58,NULL),(1096,'aishik mukherjee',6,9,NULL,'ACTIVE','M',25,46,'NOT_SENT',NULL,56,NULL),(1097,'souvik chakraborty',6,4,NULL,'ACTIVE','M',25,146,'NOT_SENT',NULL,NULL,NULL),(1098,'kingshuk das',6,4,NULL,'ACTIVE','M',25,147,'NOT_SENT',NULL,40,NULL),(1099,'apratim mudi',6,4,NULL,'ACTIVE','M',25,148,'NOT_SENT',NULL,40,NULL),(1100,'sayan munshi',6,4,NULL,'ACTIVE','M',25,149,'NOT_SENT',NULL,50,NULL),(1101,'rishiraj ghosh',6,4,NULL,'ACTIVE','M',25,150,'NOT_SENT',NULL,60,NULL),(1102,'md. raiyan',6,4,NULL,'ACTIVE','M',25,151,'NOT_SENT',NULL,42,NULL),(1103,'anish karmakar',6,4,NULL,'ACTIVE','M',25,152,'NOT_SENT',NULL,48,NULL),(1104,'aritra ghosh',6,4,NULL,'ACTIVE','M',25,153,'NOT_SENT',NULL,34,NULL),(1105,'harshadeep shee',6,4,NULL,'ACTIVE','M',25,154,'NOT_SENT',NULL,52,NULL),(1106,'tamoghna karmakar',6,4,NULL,'ACTIVE','M',25,155,'NOT_SENT',NULL,52,NULL),(1107,'deeptanshu dey',6,4,NULL,'ACTIVE','M',25,156,'NOT_SENT',NULL,40,NULL),(1108,'mayukh das',6,4,NULL,'ACTIVE','M',25,157,'NOT_SENT',NULL,56,NULL),(1109,'ayush prasad',6,4,NULL,'ACTIVE','M',25,158,'NOT_SENT',NULL,44,NULL),(1110,'adrita mondal',9,5,NULL,'ACTIVE','F',25,86,'NOT_SENT',NULL,84,NULL),(1111,'rupali darji',9,5,NULL,'ACTIVE','F',25,87,'NOT_SENT',NULL,56,NULL),(1112,'jayeeta biswas',9,5,NULL,'ACTIVE','F',25,88,'NOT_SENT',NULL,55,NULL),(1113,'shreenita barik',9,5,NULL,'ACTIVE','F',25,89,'NOT_SENT',NULL,53,NULL),(1114,'sana saha',9,5,NULL,'ACTIVE','F',25,90,'NOT_SENT',NULL,26,NULL),(1115,'sanya saha',9,5,NULL,'ACTIVE','F',25,91,'NOT_SENT',NULL,24,NULL),(1116,'gayetri ganguly',9,6,NULL,'ACTIVE','F',25,83,'NOT_SENT',NULL,40,NULL),(1117,'sawan bhattacharjee',9,6,NULL,'ACTIVE','F',25,84,'NOT_SENT',NULL,52,NULL),(1118,'pinki majhi',9,6,NULL,'ACTIVE','F',25,85,'NOT_SENT',NULL,45,NULL),(1119,'rima pramanik',9,6,NULL,'ACTIVE','F',25,86,'NOT_SENT',NULL,55,NULL),(1120,'labani das',9,6,NULL,'ACTIVE','F',25,87,'NOT_SENT',NULL,56,NULL),(1121,'sumita roy',9,6,NULL,'ACTIVE','F',25,88,'NOT_SENT',NULL,63,NULL),(1122,'bhumika ghosh',9,6,NULL,'ACTIVE','F',25,89,'NOT_SENT',NULL,40,NULL),(1123,'anupriya das',9,6,NULL,'ACTIVE','F',25,90,'NOT_SENT',NULL,40,NULL),(1124,'rimi malik',9,6,NULL,'ACTIVE','F',25,91,'NOT_SENT',NULL,49,NULL),(1125,'shreya khamaru',9,6,NULL,'ACTIVE','F',25,92,'NOT_SENT',NULL,61,NULL),(1126,'sanjana karmakar',9,6,NULL,'ACTIVE','F',25,93,'NOT_SENT',NULL,51,NULL),(1127,'ankhi chandra',9,6,NULL,'ACTIVE','F',25,94,'NOT_SENT',NULL,42,NULL),(1128,'anita patra',9,6,NULL,'ACTIVE','F',25,95,'NOT_SENT',NULL,41,NULL),(1129,'SANDEEPA DAS',9,6,NULL,'ACTIVE','F',25,96,'NOT_SENT',NULL,31,NULL),(1130,'lisha patra',9,6,NULL,'ACTIVE','F',25,97,'NOT_SENT',NULL,42,NULL),(1131,'soumita das',9,6,NULL,'ACTIVE','F',25,98,'NOT_SENT',NULL,76,NULL),(1132,'titli manna',9,6,NULL,'ACTIVE','F',25,99,'NOT_SENT',NULL,40,NULL),(1133,'rima ghosh',9,6,NULL,'ACTIVE','F',25,100,'NOT_SENT',NULL,42,NULL),(1134,'ishika ghosh',9,6,NULL,'ACTIVE','F',25,101,'NOT_SENT',NULL,43,NULL),(1135,'diya roy',9,6,NULL,'ACTIVE','F',25,102,'NOT_SENT',NULL,NULL,NULL),(1136,'ananya santra',9,6,NULL,'ACTIVE','F',25,103,'NOT_SENT',NULL,34,NULL),(1137,'supriti koley',9,6,NULL,'ACTIVE','F',25,104,'NOT_SENT',NULL,52,NULL),(1138,'sriparna kayal',9,6,NULL,'ACTIVE','F',25,105,'NOT_SENT',NULL,56,NULL),(1139,'sudesna mondal',9,6,NULL,'ACTIVE','F',25,106,'NOT_SENT',NULL,40,NULL),(1143,'OISHIKA HALDER',9,7,NULL,'ACTIVE','F',25,27,'NOT_SENT',NULL,44,NULL),(1144,'piul chatterjee',9,7,NULL,'ACTIVE','F',25,28,'NOT_SENT',NULL,40,NULL),(1145,'sneha chail',9,7,NULL,'ACTIVE','F',25,29,'NOT_SENT',NULL,81,NULL),(1146,'ritika das',9,7,NULL,'ACTIVE','F',25,30,'NOT_SENT',NULL,71,NULL),(1147,'dipsha ghosh',9,7,NULL,'ACTIVE','F',25,31,'NOT_SENT',NULL,49,NULL),(1148,'anu das',9,7,NULL,'ACTIVE','F',25,32,'NOT_SENT',NULL,50,NULL),(1149,'barnali roy',9,7,NULL,'ACTIVE','F',25,33,'NOT_SENT',NULL,59,NULL),(1150,'prapti dutta',9,7,NULL,'ACTIVE','F',25,34,'NOT_SENT',NULL,52,NULL),(1151,'anisha khatun',9,7,NULL,'ACTIVE','F',25,35,'NOT_SENT',NULL,NULL,NULL),(1152,'sampurna chakraborty',9,7,NULL,'ACTIVE','F',25,36,'NOT_SENT',NULL,48,NULL),(1153,'tania manna',9,7,NULL,'ACTIVE','F',25,37,'NOT_SENT',NULL,41,NULL),(1154,'asura khatun',9,7,NULL,'ACTIVE','F',25,38,'NOT_SENT',NULL,40,NULL),(1155,'bijetri chakraborty',9,8,NULL,'ACTIVE','F',25,69,'NOT_SENT',NULL,70,NULL),(1156,'shayani ghosh',9,8,NULL,'ACTIVE','F',25,70,'NOT_SENT',NULL,62,NULL),(1157,'BRISTI CHAKRABORTY',9,8,NULL,'ACTIVE','F',25,71,'NOT_SENT',NULL,41,NULL),(1158,'rini batabyal',9,8,NULL,'ACTIVE','F',25,72,'NOT_SENT',NULL,34,NULL),(1159,'RITIKA CHAKRABORTY',9,8,NULL,'ACTIVE','F',25,73,'NOT_SENT',NULL,59,NULL),(1160,'sangita banduri',9,8,NULL,'ACTIVE','F',25,74,'NOT_SENT',NULL,41,NULL),(1161,'rani ghosh',9,8,NULL,'ACTIVE','F',25,75,'NOT_SENT',NULL,42,NULL),(1162,'ishita manna',9,9,NULL,'ACTIVE','F',25,47,'NOT_SENT',NULL,57,NULL),(1163,'soumi chakraborty',9,9,NULL,'ACTIVE','F',25,48,'NOT_SENT',NULL,48,NULL),(1164,'adwitiya pal',9,9,NULL,'ACTIVE','F',25,49,'NOT_SENT',NULL,52,NULL),(1165,'poulami bera',9,9,NULL,'ACTIVE','F',25,50,'NOT_SENT',NULL,46,NULL),(1166,'sanchaita malik',9,9,NULL,'ACTIVE','F',25,51,'NOT_SENT',NULL,47,NULL),(1167,'arpita das',9,9,NULL,'ACTIVE','F',25,52,'NOT_SENT',NULL,41,NULL),(1168,'hosnehena khatun',9,9,NULL,'ACTIVE','F',25,53,'NOT_SENT',NULL,32,NULL),(1169,'samarita dey',9,9,NULL,'ACTIVE','F',25,54,'NOT_SENT',NULL,42,NULL),(1170,'rachana biswas',9,9,NULL,'ACTIVE','F',25,55,'NOT_SENT',NULL,27,NULL),(1171,'ankita devi singh',9,9,NULL,'ACTIVE','F',25,56,'NOT_SENT',NULL,34,NULL),(1172,'DIPTEEMOYI DAS',9,9,NULL,'ACTIVE','F',25,57,'NOT_SENT',NULL,33,NULL),(1173,'subhanita manna',9,9,NULL,'ACTIVE','F',25,58,'NOT_SENT',NULL,37,NULL),(1174,'arpana roychowdhury',9,9,NULL,'ACTIVE','F',25,59,'NOT_SENT',NULL,27,NULL),(1175,'UMME KULSUM',9,9,NULL,'ACTIVE','F',25,60,'NOT_SENT',NULL,33,NULL),(1176,'sambhabi das',9,9,NULL,'ACTIVE','F',25,61,'NOT_SENT',NULL,50,NULL),(1177,'rinki ruidas',9,9,NULL,'ACTIVE','F',25,62,'NOT_SENT',NULL,23,NULL),(1178,'sk. sonam',9,9,NULL,'ACTIVE','F',25,63,'NOT_SENT',NULL,32,NULL),(1179,'bristi pal ',9,10,NULL,'ACTIVE','F',25,10,'NOT_SENT',NULL,28,NULL),(1180,'aishani dutta',9,10,NULL,'ACTIVE','F',25,11,'NOT_SENT',NULL,43,NULL),(1181,'kabita bej',9,10,NULL,'ACTIVE','F',25,12,'NOT_SENT',NULL,35,NULL),(1182,'rime koley',9,10,NULL,'ACTIVE','F',25,13,'NOT_SENT',NULL,34,NULL),(1183,'SWAGATA KARMAKAR',6,8,NULL,'ACTIVE','F',25,76,'NOT_SENT',NULL,67,NULL),(1184,'rahul nayek',6,8,NULL,'ACTIVE','M',25,77,'NOT_SENT',NULL,56,NULL),(1185,'pritam chandra',6,8,NULL,'ACTIVE','M',25,78,'NOT_SENT',NULL,55,NULL),(1186,'somnath chakraborty',6,8,NULL,'ACTIVE','M',25,79,'NOT_SENT',NULL,46,NULL),(1187,'MONOWARA KHATUN',6,8,NULL,'ACTIVE','F',25,80,'NOT_SENT',NULL,41,NULL),(1188,'debojit mondal',6,8,NULL,'ACTIVE','M',25,81,'NOT_SENT',NULL,41,NULL),(1189,'MAYNAK CHAKRABORTY',6,8,NULL,'ACTIVE','M',25,82,'NOT_SENT',NULL,71,NULL),(1190,'rajshekhar mazumder',6,8,NULL,'ACTIVE','M',25,83,'NOT_SENT',NULL,80,NULL),(1191,'jayanto sau',6,8,NULL,'ACTIVE','M',25,84,'NOT_SENT',NULL,80,NULL),(1192,'sayani patra',6,8,NULL,'ACTIVE','F',25,85,'NOT_SENT',NULL,72,NULL),(1193,'ritabrata dhali',6,8,NULL,'ACTIVE','M',25,86,'NOT_SENT',NULL,76,NULL),(1194,'niladri mandal',6,8,NULL,'ACTIVE','M',25,87,'NOT_SENT',NULL,77,NULL),(1195,'sayan bera',6,5,NULL,'ACTIVE','M',25,92,'NOT_SENT',NULL,67,NULL),(1196,'trisha ghosh',6,5,NULL,'ACTIVE','F',25,93,'NOT_SENT',NULL,NULL,NULL),(1197,'sahin mullick',6,5,NULL,'ACTIVE','M',25,94,'NOT_SENT',NULL,70,NULL),(1198,'shreyangshi maity ',6,5,NULL,'ACTIVE','F',25,95,'NOT_SENT',NULL,NULL,NULL),(1199,'aayan polley',6,5,NULL,'ACTIVE','M',25,96,'NOT_SENT',NULL,70,NULL),(1200,'arpan das',6,6,NULL,'ACTIVE','M',25,107,'NOT_SENT',NULL,NULL,NULL),(1201,'moukhi kumar',6,6,NULL,'ACTIVE','F',25,108,'NOT_SENT',NULL,NULL,NULL),(1202,'priya manna',6,7,NULL,'ACTIVE','F',25,39,'NOT_SENT',NULL,61,NULL),(1203,'raima ghosh',6,3,NULL,'ACTIVE','F',25,114,'NOT_SENT',NULL,50,NULL),(1204,'samiran nisha',6,3,NULL,'ACTIVE','F',25,115,'NOT_SENT',NULL,74,NULL),(1205,'swarnali karmakar',6,3,NULL,'ACTIVE','F',25,116,'NOT_SENT',NULL,34,NULL),(1206,'aaheli ghosh',6,3,NULL,'ACTIVE','F',25,117,'NOT_SENT',NULL,44,NULL),(1207,'aatrai dey',6,3,NULL,'ACTIVE','F',25,118,'NOT_SENT',NULL,48,NULL),(1208,'sambhabee ghosh',6,3,NULL,'ACTIVE','F',25,119,'NOT_SENT',NULL,44,NULL),(1209,'masnur khatun',6,3,NULL,'ACTIVE','F',25,120,'NOT_SENT',NULL,NULL,NULL),(1210,'jakiya siddika',6,3,NULL,'ACTIVE','F',25,121,'NOT_SENT',NULL,50,NULL),(1211,'ahana bag',6,3,NULL,'ACTIVE','F',25,122,'NOT_SENT',NULL,50,NULL),(1212,'kristy das',6,3,NULL,'ACTIVE','F',25,123,'NOT_SENT',NULL,68,NULL),(1213,'prayoshi das',6,3,NULL,'ACTIVE','F',25,124,'NOT_SENT',NULL,52,NULL),(1214,'naureen mallick',6,3,NULL,'ACTIVE','F',25,125,'NOT_SENT',NULL,44,NULL),(1215,'aayushi pal',6,3,NULL,'ACTIVE','F',25,126,'NOT_SENT',NULL,68,NULL),(1216,'arnabi kumar',6,3,NULL,'ACTIVE','F',25,127,'NOT_SENT',NULL,48,NULL),(1217,'supriti patra',6,3,NULL,'ACTIVE','F',25,128,'NOT_SENT',NULL,40,NULL),(1218,'saranya naha',6,3,NULL,'ACTIVE','F',25,129,'NOT_SENT',NULL,40,NULL),(1219,'trisa mal',6,3,NULL,'ACTIVE','F',25,130,'NOT_SENT',NULL,40,NULL),(1220,'srija bhattacharya',6,3,NULL,'ACTIVE','F',25,131,'NOT_SENT',NULL,56,NULL),(1221,'ishan patra',6,3,NULL,'ACTIVE','M',25,132,'NOT_SENT',NULL,58,NULL),(1222,'ayushman kumar',6,3,NULL,'ACTIVE','M',25,133,'NOT_SENT',NULL,62,NULL),(1223,'basabraj chatterjee',6,3,NULL,'ACTIVE','M',25,134,'NOT_SENT',NULL,68,NULL),(1224,'aritra ghosh',6,3,NULL,'ACTIVE','M',25,135,'NOT_SENT',NULL,46,NULL),(1225,'swarnadip kar',6,3,NULL,'ACTIVE','M',25,136,'NOT_SENT',NULL,NULL,NULL),(1226,'kushankur laha',6,3,NULL,'ACTIVE','M',25,137,'NOT_SENT',NULL,46,NULL),(1227,'shrayas mondal',6,3,NULL,'ACTIVE','M',25,138,'NOT_SENT',NULL,46,NULL),(1228,'archisman nandy',6,3,NULL,'ACTIVE','M',25,139,'NOT_SENT',NULL,80,NULL),(1229,'arnab karmakar',6,3,NULL,'ACTIVE','M',25,140,'NOT_SENT',NULL,50,NULL),(1230,'barnak pan',25,6,NULL,'ACTIVE','M',25,109,'NOT_SENT',NULL,51,NULL),(1231,'samridhi das',25,6,NULL,'ACTIVE','F',25,110,'NOT_SENT',NULL,43,NULL),(1232,'rohan dhara',5,3,NULL,'ACTIVE','M',25,141,'NOT_SENT',NULL,46,NULL),(1233,'rupam roy',23,4,NULL,'ACTIVE','M',25,159,'NOT_SENT',NULL,42,NULL),(1234,'ayush roy',23,4,NULL,'ACTIVE','M',25,160,'NOT_SENT',NULL,44,NULL),(1235,'trishan chatterjee',5,7,NULL,'ACTIVE','M',25,40,'NOT_SENT',NULL,NULL,NULL),(1236,'AMANAT ALI HALDER',5,8,NULL,'ACTIVE','M',25,88,'NOT_SENT',NULL,65,NULL),(1237,'SAYAN DUTTA',5,8,NULL,'ACTIVE','M',25,89,'NOT_SENT',NULL,34,NULL),(1238,'trishna chatterjee',9,5,NULL,'ACTIVE','F',25,97,'NOT_SENT',NULL,44,NULL),(1239,'mehek mallick',9,8,NULL,'ACTIVE','F',25,90,'NOT_SENT',NULL,67,NULL),(1240,'SNEHA DEYALI',9,8,NULL,'ACTIVE','F',25,91,'NOT_SENT',NULL,56,NULL),(1241,'sahina halder',9,8,NULL,'ACTIVE','F',25,92,'NOT_SENT',NULL,50,NULL),(1242,'Amin mallick',26,8,NULL,'ACTIVE','M',25,93,'NOT_SENT',NULL,43,NULL),(1243,'soumi paul',6,7,NULL,'ACTIVE','F',25,41,'NOT_SENT',NULL,64,NULL),(1244,'nasima khatun',19,4,NULL,'ACTIVE','F',25,161,'NOT_SENT',NULL,36,NULL),(1245,'sk. alfaz',19,4,NULL,'ACTIVE','M',25,162,'NOT_SENT',NULL,52,NULL),(1246,'nurjahan khatun',19,2,NULL,'ACTIVE','F',25,112,'NOT_SENT',NULL,22,NULL),(1247,'halima khatun',19,2,NULL,'ACTIVE','F',25,113,'NOT_SENT',NULL,26,NULL),(1248,'rangan das',19,2,NULL,'ACTIVE','M',25,114,'NOT_SENT',NULL,40,NULL),(1249,'ARITRIK SANTRA',21,5,NULL,'ACTIVE','M',25,98,'NOT_SENT',NULL,54,NULL),(1250,'barnasree ghosh',21,4,NULL,'ACTIVE','F',25,163,'NOT_SENT',NULL,42,NULL),(1251,'arpan das',21,3,NULL,'ACTIVE','M',25,142,'NOT_SENT',NULL,34,NULL),(1252,'safina khatun',27,4,NULL,'ACTIVE','F',25,164,'NOT_SENT',NULL,NULL,NULL),(1253,'rafika khatun',27,4,NULL,'ACTIVE','F',25,165,'NOT_SENT',NULL,36,NULL),(1254,'karima khatun',27,4,NULL,'ACTIVE','F',25,166,'NOT_SENT',NULL,16,NULL),(1255,'afrin khatun',27,4,NULL,'ACTIVE','F',25,167,'NOT_SENT',NULL,40,NULL),(1256,'sahina parvin',27,4,NULL,'ACTIVE','F',25,168,'NOT_SENT',NULL,32,NULL),(1257,'sk zara',27,2,NULL,'ACTIVE','F',25,115,'NOT_SENT',NULL,18,NULL),(1258,'ADRIJE DAS',5,5,NULL,'ACTIVE','M',25,99,'NOT_SENT',NULL,65,NULL),(1259,'deep mal',5,5,NULL,'ACTIVE','M',25,100,'NOT_SENT',NULL,54,NULL),(1260,'subham das',5,5,NULL,'ACTIVE','M',25,101,'NOT_SENT',NULL,54,NULL),(1261,'araf halder',5,5,NULL,'ACTIVE','M',25,102,'NOT_SENT',NULL,51,NULL),(1262,'tanmoy samanta',5,5,NULL,'ACTIVE','M',25,103,'NOT_SENT',NULL,49,NULL),(1263,'ahum maitra',5,5,NULL,'ACTIVE','M',25,104,'NOT_SENT',NULL,41,NULL),(1264,'souvik maity',5,8,NULL,'ACTIVE','M',25,94,'NOT_SENT',NULL,58,NULL),(1265,'arko sen',5,8,NULL,'ACTIVE','M',25,95,'NOT_SENT',NULL,NULL,NULL),(1266,'anurup sanpui',5,8,NULL,'ACTIVE','M',25,96,'NOT_SENT',NULL,27,NULL),(1267,'rupam ghosh',5,8,NULL,'ACTIVE','M',25,97,'NOT_SENT',NULL,41,NULL),(1268,'shubham kumar manna',5,8,NULL,'ACTIVE','M',25,98,'NOT_SENT',NULL,55,NULL),(1269,'abhiraj banerjee',5,8,NULL,'ACTIVE','M',25,99,'NOT_SENT',NULL,60,NULL),(1270,'sumit ghosh',5,6,NULL,'ACTIVE','M',25,111,'NOT_SENT',NULL,35,NULL),(1271,'sk. sainsa',5,6,NULL,'ACTIVE','M',25,112,'NOT_SENT',NULL,44,NULL),(1272,'aritra dewali',5,6,NULL,'ACTIVE','M',25,113,'NOT_SENT',NULL,36,NULL),(1273,'md. sahid mallick',5,6,NULL,'ACTIVE','M',25,114,'NOT_SENT',NULL,52,NULL),(1274,'arijit singha',5,6,NULL,'ACTIVE','M',25,115,'NOT_SENT',NULL,48,NULL),(1275,'RUDRANIL BHUINYA',5,6,NULL,'ACTIVE','M',25,116,'NOT_SENT',NULL,40,NULL),(1276,'deep belel',5,6,NULL,'ACTIVE','M',25,117,'NOT_SENT',NULL,27,NULL),(1277,'rakesh das',5,6,NULL,'ACTIVE','M',25,118,'NOT_SENT',NULL,59,NULL),(1278,'SOUGATO SARKAR',5,7,NULL,'ACTIVE','M',25,42,'NOT_SENT',NULL,44,NULL),(1279,'reju dhara',5,7,NULL,'ACTIVE','M',25,43,'NOT_SENT',NULL,48,NULL),(1280,'agniv ghosh',5,7,NULL,'ACTIVE','M',25,44,'NOT_SENT',NULL,49,NULL),(1281,'aritra mondal',5,7,NULL,'ACTIVE','M',25,45,'NOT_SENT',NULL,45,NULL),(1282,'dip ruidas',5,7,NULL,'ACTIVE','M',25,46,'NOT_SENT',NULL,27,NULL),(1283,'sohan das',5,7,NULL,'ACTIVE','M',25,47,'NOT_SENT',NULL,66,NULL),(1284,'SOHOM MANNA',5,7,NULL,'ACTIVE','M',25,48,'NOT_SENT',NULL,36,NULL),(1285,'utsha ghosh',5,9,NULL,'ACTIVE','M',25,64,'NOT_SENT',NULL,NULL,NULL),(1286,'akash ghosh',5,9,NULL,'ACTIVE','M',25,65,'NOT_SENT',NULL,41,NULL),(1287,'soumo singh',5,9,NULL,'ACTIVE','M',25,66,'NOT_SENT',NULL,50,NULL),(1288,'shiba ghosh',5,9,NULL,'ACTIVE','M',25,67,'NOT_SENT',NULL,44,NULL),(1289,'soumina ghosh',25,6,NULL,'ACTIVE','F',25,119,'NOT_SENT',NULL,56,NULL),(1290,'bir prasad',6,5,NULL,'ACTIVE','M',25,105,'NOT_SENT',NULL,56,NULL),(1291,'devanshi das',28,2,NULL,'ACTIVE','F',25,116,'NOT_SENT',NULL,34,NULL),(1292,'asmita ghosh',28,2,NULL,'ACTIVE','F',25,117,'NOT_SENT',NULL,52,NULL),(1293,'ahana karmakar',28,2,NULL,'ACTIVE','F',25,118,'NOT_SENT',NULL,12,NULL),(1294,'barsha biswas',28,2,NULL,'ACTIVE','F',25,119,'NOT_SENT',NULL,40,NULL),(1295,'rittikah manna',28,2,NULL,'ACTIVE','F',25,120,'NOT_SENT',NULL,28,NULL),(1296,'ritika rana',28,2,NULL,'ACTIVE','F',25,121,'NOT_SENT',NULL,10,NULL),(1297,'oindri das',28,2,NULL,'ACTIVE','F',25,122,'NOT_SENT',NULL,NULL,NULL),(1298,'adrija ruidas',28,2,NULL,'ACTIVE','F',25,123,'NOT_SENT',NULL,NULL,NULL),(1299,'ranit mondal',28,2,NULL,'ACTIVE','M',25,124,'NOT_SENT',NULL,28,NULL),(1300,'ayush ghosh',28,2,NULL,'ACTIVE','M',25,125,'NOT_SENT',NULL,36,NULL),(1301,'soumajit banerjee',28,2,NULL,'ACTIVE','M',25,126,'NOT_SENT',NULL,2,NULL),(1302,'sangeeta bej',28,3,NULL,'ACTIVE','F',25,143,'NOT_SENT',NULL,58,NULL),(1303,'annesha boral',28,3,NULL,'ACTIVE','F',25,144,'NOT_SENT',NULL,42,NULL),(1304,'piyosi ghosh',28,3,NULL,'ACTIVE','F',25,145,'NOT_SENT',NULL,NULL,NULL),(1305,'ruparna nandy',28,3,NULL,'ACTIVE','F',25,146,'NOT_SENT',NULL,54,NULL),(1306,'sreedipta sadhukhan',28,3,NULL,'ACTIVE','F',25,147,'NOT_SENT',NULL,NULL,NULL),(1307,'aksara das',28,3,NULL,'ACTIVE','F',25,148,'NOT_SENT',NULL,36,NULL),(1308,'divyansu nayak',28,3,NULL,'ACTIVE','M',25,149,'NOT_SENT',NULL,2,NULL),(1309,'surya khamaru',28,3,NULL,'ACTIVE','M',25,150,'NOT_SENT',NULL,34,NULL),(1310,'neha bar',28,4,NULL,'ACTIVE','F',25,169,'NOT_SENT',NULL,56,NULL),(1311,'aradhya ghosh ',28,4,NULL,'ACTIVE','F',25,170,'NOT_SENT',NULL,32,NULL),(1312,'payel sarbagna',28,5,NULL,'ACTIVE','F',25,106,'NOT_SENT',NULL,57,NULL),(1313,'titli ghosh',28,5,NULL,'ACTIVE','F',25,107,'NOT_SENT',NULL,70,NULL),(1314,'sampriti malik',28,5,NULL,'ACTIVE','F',25,108,'NOT_SENT',NULL,50,NULL),(1315,'trishanu marik',28,4,NULL,'ACTIVE','M',25,171,'NOT_SENT',NULL,48,NULL),(1316,'rounak bhatak',28,4,NULL,'ACTIVE','M',25,172,'NOT_SENT',NULL,54,NULL),(1317,'shampa das',28,5,NULL,'ACTIVE','F',25,109,'NOT_SENT',NULL,47,NULL),(1318,'monalisa pan',28,5,NULL,'ACTIVE','F',25,110,'NOT_SENT',NULL,51,NULL),(1319,'pritam baral',28,5,NULL,'ACTIVE','M',25,111,'NOT_SENT',NULL,61,NULL),(1320,'binoy show',28,5,NULL,'ACTIVE','M',25,112,'NOT_SENT',NULL,42,NULL),(1321,'surjya roy',28,5,NULL,'ACTIVE','M',25,113,'NOT_SENT',NULL,40,NULL),(1322,'meghla negel ',28,3,NULL,'ACTIVE','F',25,151,'NOT_SENT',NULL,14,NULL),(1323,'piyasa ghosh',28,3,NULL,'ACTIVE','F',25,152,'NOT_SENT',NULL,74,NULL),(1324,'snigdha dutta',9,5,NULL,'ACTIVE','F',25,114,'NOT_SENT',NULL,76,NULL),(1325,'suhrita das',9,5,NULL,'ACTIVE','F',25,115,'NOT_SENT',NULL,53,NULL),(1326,'debjani shil',9,6,NULL,'ACTIVE','F',25,120,'NOT_SENT',NULL,50,NULL),(1327,'jagriti koley ',9,6,NULL,'ACTIVE','F',25,121,'NOT_SENT',NULL,55,NULL),(1328,'krittika manna',9,6,NULL,'ACTIVE','F',25,122,'NOT_SENT',NULL,55,NULL),(1329,'baishali bank',9,7,NULL,'ACTIVE','F',25,49,'NOT_SENT',NULL,61,NULL),(1330,'sathi malik',9,8,NULL,'ACTIVE','F',25,100,'NOT_SENT',NULL,33,NULL),(1331,'rimita pan',9,8,NULL,'ACTIVE','F',25,101,'NOT_SENT',NULL,67,NULL),(1332,'manaswita dey',9,8,NULL,'ACTIVE','F',25,102,'NOT_SENT',NULL,60,NULL),(1333,'rima dutta',9,8,NULL,'ACTIVE','F',25,103,'NOT_SENT',NULL,55,NULL),(1334,'soyeb laskar',19,2,NULL,'ACTIVE','M',25,127,'NOT_SENT',NULL,2,NULL),(1335,'sreaya saha',29,9,NULL,'ACTIVE','F',25,68,'NOT_SENT',NULL,47,NULL),(1336,'tiyasha mondal',30,3,NULL,'ACTIVE','F',25,153,'NOT_SENT',NULL,28,NULL),(1337,'manisha banerjee',30,3,NULL,'ACTIVE','F',25,154,'NOT_SENT',NULL,8,NULL),(1338,'biswayani dutta chowdhuri',30,3,NULL,'ACTIVE','F',25,155,'NOT_SENT',NULL,50,NULL),(1339,'manisha katari',30,3,NULL,'ACTIVE','F',25,156,'NOT_SENT',NULL,34,NULL),(1340,'sohani ghosh',30,3,NULL,'ACTIVE','F',25,157,'NOT_SENT',NULL,36,NULL),(1341,'anamika patra',30,4,NULL,'ACTIVE','F',25,173,'NOT_SENT',NULL,30,NULL),(1342,'sipra bhattacharjee',30,4,NULL,'ACTIVE','F',25,174,'NOT_SENT',NULL,40,NULL),(1343,'souvik roy',30,4,NULL,'ACTIVE','M',25,175,'NOT_SENT',NULL,46,NULL),(1344,'mohit ghosh',30,4,NULL,'ACTIVE','M',25,176,'NOT_SENT',NULL,40,NULL),(1345,'akash ghosh',31,6,NULL,'ACTIVE','M',25,123,'NOT_SENT',NULL,NULL,NULL),(1346,'sayan prodhan',31,7,NULL,'ACTIVE','M',25,50,'NOT_SENT',NULL,44,NULL),(1347,'arghya jana',31,7,NULL,'ACTIVE','M',25,51,'NOT_SENT',NULL,50,NULL),(1348,'atanu das',31,7,NULL,'ACTIVE','M',25,52,'NOT_SENT',NULL,45,NULL),(1349,'rima manna',32,6,NULL,'ACTIVE','F',25,124,'NOT_SENT',NULL,58,NULL),(1350,'NANDINI PARAMANIK',32,7,NULL,'ACTIVE','F',25,53,'NOT_SENT',NULL,52,NULL),(1351,'diya halder',32,7,NULL,'ACTIVE','F',25,54,'NOT_SENT',NULL,30,NULL),(1352,'rohan barik',20,4,NULL,'ACTIVE','M',25,177,'NOT_SENT',NULL,48,NULL),(1353,'rahi gharami ',9,5,NULL,'ACTIVE','F',25,116,'NOT_SENT',NULL,61,NULL),(1354,'rohini mondal ',9,5,NULL,'ACTIVE','F',25,117,'NOT_SENT',NULL,45,NULL),(1355,'dipti das',9,5,NULL,'ACTIVE','F',25,118,'NOT_SENT',NULL,48,NULL),(1356,'anwesha ghosh',9,8,NULL,'ACTIVE','F',25,104,'NOT_SENT',NULL,56,NULL),(1357,'tanisha khatun',9,8,NULL,'ACTIVE','F',25,105,'NOT_SENT',NULL,51,NULL),(1358,'sk. simrin khatun',9,8,NULL,'ACTIVE','F',25,106,'NOT_SENT',NULL,40,NULL),(1359,'ishika dutta',9,8,NULL,'ACTIVE','F',25,107,'NOT_SENT',NULL,40,NULL),(1360,'susmita seni',9,8,NULL,'ACTIVE','F',25,108,'NOT_SENT',NULL,41,NULL),(1361,'mandira saha',9,8,NULL,'ACTIVE','F',25,109,'NOT_SENT',NULL,48,NULL),(1362,'sutapa mondal',9,5,NULL,'ACTIVE','F',25,119,'NOT_SENT',NULL,56,NULL),(1363,'mohona ghosh',9,5,NULL,'ACTIVE','F',25,120,'NOT_SENT',NULL,50,NULL),(1364,'nil gharami',5,5,NULL,'ACTIVE','M',25,121,'NOT_SENT',NULL,60,NULL),(1365,'bidhan mal',5,5,NULL,'ACTIVE','M',25,122,'NOT_SENT',NULL,47,NULL),(1366,'pritam guchaet',26,8,NULL,'ACTIVE','M',25,110,'NOT_SENT',NULL,24,NULL),(1367,'debkumar bala',5,6,NULL,'ACTIVE','M',25,125,'NOT_SENT',NULL,43,NULL),(1368,'sayan jana',5,4,NULL,'ACTIVE','M',25,178,'NOT_SENT',NULL,34,NULL),(1369,'arnab shee',5,4,NULL,'ACTIVE','M',25,179,'NOT_SENT',NULL,42,NULL),(1370,'parnabha koley',5,4,NULL,'ACTIVE','M',25,180,'NOT_SENT',NULL,46,NULL),(1371,'sampad gayen',33,8,NULL,'ACTIVE','M',25,111,'NOT_SENT',NULL,NULL,NULL),(1372,'archita santra ',24,4,NULL,'ACTIVE','F',25,181,'NOT_SENT',NULL,46,NULL),(1373,'saheba khatun',24,4,NULL,'ACTIVE','F',25,182,'NOT_SENT',NULL,54,NULL),(1374,'ADRIZA SIT',24,4,NULL,'ACTIVE','F',25,183,'NOT_SENT',NULL,56,NULL),(1375,'sumouly roy',24,4,NULL,'ACTIVE','F',25,184,'NOT_SENT',NULL,40,NULL),(1376,'oishee gharami',24,3,NULL,'ACTIVE','F',25,158,'NOT_SENT',NULL,72,NULL),(1377,'sarmin halder',24,2,NULL,'ACTIVE','F',25,128,'NOT_SENT',NULL,28,NULL),(1378,'raj nandi',6,4,NULL,'ACTIVE','M',25,185,'NOT_SENT',NULL,54,NULL),(1379,'uttaran ghosh',6,6,NULL,'ACTIVE','M',25,126,'NOT_SENT',NULL,54,NULL),(1380,'Aditya patra',6,2,NULL,'ACTIVE','M',25,129,'NOT_SENT',NULL,42,NULL),(1381,'soumi patra',9,5,NULL,'ACTIVE','F',25,123,'NOT_SENT',NULL,55,NULL),(1382,'pratyusha ghosh',9,6,NULL,'ACTIVE','F',25,127,'NOT_SENT',NULL,44,NULL),(1383,'manisha paul',9,8,NULL,'ACTIVE','F',25,112,'NOT_SENT',NULL,42,NULL),(1384,'reepshaika roy',9,8,NULL,'ACTIVE','F',25,113,'NOT_SENT',NULL,40,NULL),(1385,'taniya manna',9,7,NULL,'DELETED','F',25,55,'NOT_SENT',NULL,NULL,NULL),(1386,'soumi mondal',9,8,NULL,'ACTIVE','F',25,115,'NOT_SENT',NULL,47,NULL),(1387,'sohan mondal',5,2,NULL,'ACTIVE','M',25,130,'NOT_SENT',NULL,28,NULL),(1388,'apsara khatun',9,8,NULL,'ACTIVE','F',25,116,'NOT_SENT',NULL,54,NULL),(1389,'sk. mikhail',5,6,NULL,'ACTIVE','M',25,128,'NOT_SENT',NULL,55,NULL),(1390,'rohan belel',34,2,NULL,'ACTIVE','M',25,131,'NOT_SENT',NULL,8,NULL),(1391,'arghya golui',34,5,NULL,'ACTIVE','M',25,124,'NOT_SENT',NULL,60,NULL),(1392,'sreeja belel',34,5,NULL,'ACTIVE','F',25,125,'NOT_SENT',NULL,48,NULL),(1393,'brithi manna',34,5,NULL,'ACTIVE','F',25,126,'NOT_SENT',NULL,25,NULL),(1394,'ayan santra',34,5,NULL,'ACTIVE','M',25,127,'NOT_SENT',NULL,29,NULL),(1395,'sayan santra',34,5,NULL,'ACTIVE','M',25,128,'NOT_SENT',NULL,40,NULL),(1396,'tulika patra',34,2,NULL,'ACTIVE','F',25,132,'NOT_SENT',NULL,34,NULL),(1397,'rahul patra',34,2,NULL,'ACTIVE','M',25,133,'NOT_SENT',NULL,56,NULL),(1398,'subham nath',5,6,NULL,'ACTIVE','M',25,129,'NOT_SENT',NULL,45,NULL),(1399,'affan halder',5,8,NULL,'ACTIVE','M',25,117,'NOT_SENT',NULL,54,NULL),(1400,'rajdip kundu',5,8,NULL,'ACTIVE','M',25,118,'NOT_SENT',NULL,43,NULL),(1402,'SOUMILI GHOSH',7,7,NULL,'ACTIVE','F',25,56,'NOT_SENT',NULL,33,NULL),(1403,'ankita ghosh',7,9,NULL,'ACTIVE','F',25,69,'NOT_SENT',NULL,56,NULL),(1404,'tisha manna',7,9,NULL,'ACTIVE','F',25,70,'NOT_SENT',NULL,43,NULL),(1405,'ankita palit',7,7,NULL,'ACTIVE','F',25,57,'NOT_SENT',NULL,76,NULL),(1406,'sneha bagui',7,7,NULL,'ACTIVE','F',25,58,'NOT_SENT',NULL,46,NULL),(1407,'risabh metia',23,4,NULL,'ACTIVE','M',25,186,'NOT_SENT',NULL,42,NULL),(1408,'purbita mitra',25,8,NULL,'ACTIVE','F',25,119,'NOT_SENT',NULL,50,NULL),(1409,'soumadeep majumder',6,9,NULL,'ACTIVE','M',25,71,'NOT_SENT',NULL,48,NULL),(1410,'md. mijanur rahaman ',10,3,NULL,'ACTIVE','M',25,159,'NOT_SENT',NULL,46,NULL),(1411,'raj thapa',5,7,NULL,'ACTIVE','M',25,59,'NOT_SENT',NULL,52,NULL),(1412,'sayani roy',6,7,NULL,'ACTIVE','F',25,60,'NOT_SENT',NULL,60,NULL),(1413,'shreya roy',6,7,NULL,'ACTIVE','F',25,61,'NOT_SENT',NULL,53,NULL),(1414,'mohini ganguly',6,7,NULL,'ACTIVE','F',25,62,'NOT_SENT',NULL,51,NULL),(1415,'gaurish karmakar',6,7,NULL,'ACTIVE','M',25,63,'NOT_SENT',NULL,75,NULL),(1416,'sadia afrin',6,7,NULL,'ACTIVE','F',25,64,'NOT_SENT',NULL,44,NULL),(1417,'srijita sarkar',6,7,NULL,'ACTIVE','F',25,65,'NOT_SENT',NULL,36,NULL),(1418,'sayan pal',6,7,NULL,'ACTIVE','M',25,66,'NOT_SENT',NULL,71,NULL),(1419,'swarnendu paul',6,7,NULL,'ACTIVE','M',25,67,'NOT_SENT',NULL,42,NULL),(1420,'bitan banerjee',6,7,NULL,'ACTIVE','M',25,68,'NOT_SENT',NULL,64,NULL),(1421,'TISTA SEN',6,7,NULL,'ACTIVE','F',25,69,'NOT_SENT',NULL,32,NULL),(1422,'ayan chatterjee',6,7,NULL,'ACTIVE','M',25,70,'NOT_SENT',NULL,54,NULL),(1423,'moitrika dey',6,7,NULL,'ACTIVE','F',25,71,'NOT_SENT',NULL,62,NULL),(1424,'taniya manna',9,8,NULL,'ACTIVE','F',25,120,'NOT_SENT',NULL,37,NULL);
/*!40000 ALTER TABLE `candidate` ENABLE KEYS */;
UNLOCK TABLES;

--
-- Table structure for table `cmspage`
--

DROP TABLE IF EXISTS `cmspage`;
/*!40101 SET @saved_cs_client     = @@character_set_client */;
/*!50503 SET character_set_client = utf8mb4 */;
CREATE TABLE `cmspage` (
  `pageid` int NOT NULL DEFAULT '0',
  `pageName` varchar(45) NOT NULL,
  `pagePath` varchar(45) DEFAULT NULL,
  `createdon` varchar(45) DEFAULT NULL,
  `modifiedon` varchar(45) DEFAULT NULL,
  `status` varchar(45) DEFAULT NULL,
  `role` varchar(45) DEFAULT NULL,
  PRIMARY KEY (`pageid`,`pageName`)
) ENGINE=InnoDB DEFAULT CHARSET=utf8mb4 COLLATE=utf8mb4_0900_ai_ci;
/*!40101 SET character_set_client = @saved_cs_client */;

--
-- Dumping data for table `cmspage`
--

LOCK TABLES `cmspage` WRITE;
/*!40000 ALTER TABLE `cmspage` DISABLE KEYS */;
/*!40000 ALTER TABLE `cmspage` ENABLE KEYS */;
UNLOCK TABLES;

--
-- Table structure for table `exam`
--

DROP TABLE IF EXISTS `exam`;
/*!40101 SET @saved_cs_client     = @@character_set_client */;
/*!50503 SET character_set_client = utf8mb4 */;
CREATE TABLE `exam` (
  `id` int NOT NULL AUTO_INCREMENT,
  `name` varchar(45) NOT NULL,
  `date` date NOT NULL,
  `classes` varchar(45) DEFAULT NULL,
  `status` varchar(45) NOT NULL,
  `result_date` date DEFAULT NULL,
  PRIMARY KEY (`id`)
) ENGINE=InnoDB AUTO_INCREMENT=27 DEFAULT CHARSET=utf8mb4 COLLATE=utf8mb4_0900_ai_ci;
/*!40101 SET character_set_client = @saved_cs_client */;

--
-- Dumping data for table `exam`
--

LOCK TABLES `exam` WRITE;
/*!40000 ALTER TABLE `exam` DISABLE KEYS */;
INSERT INTO `exam` VALUES (25,'Medha Sandhan Pariksha 2023','2023-09-10','2,3,4,5,6,7,8,9,10,11','OFF',NULL),(26,'Medha Sandhan Examination 2024','2024-09-08','2,3,4,5,6,7,8,9,10','ACTIVE',NULL);
/*!40000 ALTER TABLE `exam` ENABLE KEYS */;
UNLOCK TABLES;

--
-- Table structure for table `exam2pricerel`
--

DROP TABLE IF EXISTS `exam2pricerel`;
/*!40101 SET @saved_cs_client     = @@character_set_client */;
/*!50503 SET character_set_client = utf8mb4 */;
CREATE TABLE `exam2pricerel` (
  `id` int NOT NULL AUTO_INCREMENT,
  `source` int NOT NULL,
  `target` int NOT NULL,
  PRIMARY KEY (`id`)
) ENGINE=InnoDB AUTO_INCREMENT=4 DEFAULT CHARSET=utf8mb4 COLLATE=utf8mb4_0900_ai_ci;
/*!40101 SET character_set_client = @saved_cs_client */;

--
-- Dumping data for table `exam2pricerel`
--

LOCK TABLES `exam2pricerel` WRITE;
/*!40000 ALTER TABLE `exam2pricerel` DISABLE KEYS */;
INSERT INTO `exam2pricerel` VALUES (1,25,1),(2,25,2),(3,26,1);
/*!40000 ALTER TABLE `exam2pricerel` ENABLE KEYS */;
UNLOCK TABLES;

--
-- Table structure for table `exam2venuerel`
--

DROP TABLE IF EXISTS `exam2venuerel`;
/*!40101 SET @saved_cs_client     = @@character_set_client */;
/*!50503 SET character_set_client = utf8mb4 */;
CREATE TABLE `exam2venuerel` (
  `id` int NOT NULL AUTO_INCREMENT,
  `source` int DEFAULT NULL,
  `target` int DEFAULT NULL,
  PRIMARY KEY (`id`)
) ENGINE=InnoDB AUTO_INCREMENT=22 DEFAULT CHARSET=utf8mb4 COLLATE=utf8mb4_0900_ai_ci;
/*!40101 SET character_set_client = @saved_cs_client */;

--
-- Dumping data for table `exam2venuerel`
--

LOCK TABLES `exam2venuerel` WRITE;
/*!40000 ALTER TABLE `exam2venuerel` DISABLE KEYS */;
INSERT INTO `exam2venuerel` VALUES (20,25,2),(21,26,2);
/*!40000 ALTER TABLE `exam2venuerel` ENABLE KEYS */;
UNLOCK TABLES;

--
-- Table structure for table `marksheet`
--

DROP TABLE IF EXISTS `marksheet`;
/*!40101 SET @saved_cs_client     = @@character_set_client */;
/*!50503 SET character_set_client = utf8mb4 */;
CREATE TABLE `marksheet` (
  `id` int NOT NULL AUTO_INCREMENT,
  `marks` int NOT NULL,
  `fullmarks` int NOT NULL,
  `cad2rollrel` int NOT NULL,
  `status` varchar(45) NOT NULL DEFAULT 'ACTIVE',
  PRIMARY KEY (`id`)
) ENGINE=InnoDB DEFAULT CHARSET=utf8mb4 COLLATE=utf8mb4_0900_ai_ci;
/*!40101 SET character_set_client = @saved_cs_client */;

--
-- Dumping data for table `marksheet`
--

LOCK TABLES `marksheet` WRITE;
/*!40000 ALTER TABLE `marksheet` DISABLE KEYS */;
/*!40000 ALTER TABLE `marksheet` ENABLE KEYS */;
UNLOCK TABLES;

--
-- Table structure for table `pricerow`
--

DROP TABLE IF EXISTS `pricerow`;
/*!40101 SET @saved_cs_client     = @@character_set_client */;
/*!50503 SET character_set_client = utf8mb4 */;
CREATE TABLE `pricerow` (
  `id` int NOT NULL AUTO_INCREMENT,
  `name` varchar(45) NOT NULL,
  `segment` varchar(45) NOT NULL,
  `mrp` int NOT NULL,
  `margin` int NOT NULL,
  PRIMARY KEY (`id`)
) ENGINE=InnoDB AUTO_INCREMENT=5 DEFAULT CHARSET=utf8mb4 COLLATE=utf8mb4_0900_ai_ci;
/*!40101 SET character_set_client = @saved_cs_client */;

--
-- Dumping data for table `pricerow`
--

LOCK TABLES `pricerow` WRITE;
/*!40000 ALTER TABLE `pricerow` DISABLE KEYS */;
INSERT INTO `pricerow` VALUES (1,'Class II-IV','first_half',50,15),(2,'Class V-X','second_half',60,20);
/*!40000 ALTER TABLE `pricerow` ENABLE KEYS */;
UNLOCK TABLES;

--
-- Table structure for table `rollnumber`
--

DROP TABLE IF EXISTS `rollnumber`;
/*!40101 SET @saved_cs_client     = @@character_set_client */;
/*!50503 SET character_set_client = utf8mb4 */;
CREATE TABLE `rollnumber` (
  `id` int NOT NULL,
  `rel_id` int DEFAULT NULL,
  `roll` int DEFAULT NULL,
  `status` varchar(45) DEFAULT NULL,
  PRIMARY KEY (`id`)
) ENGINE=InnoDB DEFAULT CHARSET=utf8mb4 COLLATE=utf8mb4_0900_ai_ci;
/*!40101 SET character_set_client = @saved_cs_client */;

--
-- Dumping data for table `rollnumber`
--

LOCK TABLES `rollnumber` WRITE;
/*!40000 ALTER TABLE `rollnumber` DISABLE KEYS */;
/*!40000 ALTER TABLE `rollnumber` ENABLE KEYS */;
UNLOCK TABLES;

--
-- Table structure for table `schedule`
--

DROP TABLE IF EXISTS `schedule`;
/*!40101 SET @saved_cs_client     = @@character_set_client */;
/*!50503 SET character_set_client = utf8mb4 */;
CREATE TABLE `schedule` (
  `id` int NOT NULL AUTO_INCREMENT,
  `name` varchar(45) DEFAULT NULL,
  `class` varchar(45) DEFAULT NULL,
  `time` varchar(45) DEFAULT NULL,
  `status` varchar(45) DEFAULT NULL,
  PRIMARY KEY (`id`)
) ENGINE=InnoDB AUTO_INCREMENT=2 DEFAULT CHARSET=utf8mb4 COLLATE=utf8mb4_0900_ai_ci;
/*!40101 SET character_set_client = @saved_cs_client */;

--
-- Dumping data for table `schedule`
--

LOCK TABLES `schedule` WRITE;
/*!40000 ALTER TABLE `schedule` DISABLE KEYS */;
INSERT INTO `schedule` VALUES (1,'First Half','1,2,3,4','11:00 AM',NULL);
/*!40000 ALTER TABLE `schedule` ENABLE KEYS */;
UNLOCK TABLES;

--
-- Table structure for table `school`
--

DROP TABLE IF EXISTS `school`;
/*!40101 SET @saved_cs_client     = @@character_set_client */;
/*!50503 SET character_set_client = utf8mb4 */;
CREATE TABLE `school` (
  `id` int NOT NULL AUTO_INCREMENT,
  `name` varchar(100) DEFAULT NULL,
  `address` varchar(255) DEFAULT NULL,
  `district` varchar(45) DEFAULT NULL,
  `state` varchar(45) DEFAULT NULL,
  `pincode` varchar(45) DEFAULT NULL,
  `contactno` varchar(45) DEFAULT NULL,
  `pocname` varchar(100) DEFAULT NULL,
  `picturepath` varchar(255) DEFAULT NULL,
  `status` varchar(45) DEFAULT 'ACTIVE',
  `venue` int DEFAULT NULL,
  PRIMARY KEY (`id`)
) ENGINE=InnoDB AUTO_INCREMENT=35 DEFAULT CHARSET=utf8mb4 COLLATE=utf8mb4_0900_ai_ci;
/*!40101 SET character_set_client = @saved_cs_client */;

--
-- Dumping data for table `school`
--

LOCK TABLES `school` WRITE;
/*!40000 ALTER TABLE `school` DISABLE KEYS */;
INSERT INTO `school` VALUES (5,'Garalgacha High School','Garalgacha, Hooghly',NULL,NULL,NULL,NULL,NULL,NULL,'ACTIVE',2),(6,'Sree Ramakrishna Sishutirtha H.S','Dankuni, Hooghly',NULL,NULL,NULL,NULL,NULL,NULL,'ACTIVE',2),(7,'Barijahaty Girls High School','Barijahaty, Hooghly',NULL,NULL,NULL,NULL,NULL,NULL,'ACTIVE',2),(8,'Alipur Satish Chandra Pal HS','Alipur, Kolkata',NULL,NULL,NULL,NULL,NULL,NULL,'ACTIVE',2),(9,'Garalgacha Balika Vidyalaya ','Garalgacha, Hooghly',NULL,NULL,NULL,NULL,NULL,NULL,'ACTIVE',2),(10,'Monoharpur Chamundamata Primary School','Monoharpur, Dankuni ',NULL,NULL,NULL,NULL,NULL,NULL,'ACTIVE',2),(11,'Sree Ramkrishna Vidyashram Girls\' HS','Dankuni , Hooghly',NULL,NULL,NULL,NULL,NULL,NULL,'ACTIVE',2),(13,'Kalachara High School','Kalachara, Chanditala',NULL,NULL,NULL,NULL,NULL,NULL,'ACTIVE',2),(14,'Kalachara Primary School','Kalachara, Chanditala',NULL,NULL,NULL,NULL,NULL,NULL,'ACTIVE',2),(15,'Janai B.D.G Girls High School','Janai, Hooghly',NULL,NULL,NULL,NULL,NULL,NULL,'ACTIVE',2),(16,'Jangalpara K.D High School','Jangalpara, Hooghly',NULL,NULL,NULL,NULL,NULL,NULL,'ACTIVE',2),(17,'Lalbaba Sishu Ganoday','Dankuni, Hooghly',NULL,NULL,NULL,NULL,NULL,NULL,'ACTIVE',2),(18,'Shishu Shikshyatan UNMES','Bally, Howrah',NULL,NULL,NULL,NULL,NULL,NULL,'ACTIVE',2),(19,'Annapurna Primary School','Dankuni, Hooghly',NULL,NULL,NULL,NULL,NULL,NULL,'ACTIVE',2),(20,'Brahmandanga Primary School','Brahmandanga, Chanditala',NULL,NULL,NULL,NULL,NULL,NULL,'ACTIVE',2),(21,'Abhedananda Siksha Mandir','Dankuni, Hooghly',NULL,NULL,NULL,NULL,NULL,NULL,'ACTIVE',2),(22,'Baliadanga Makhanlal Primary School','Beledganga, Barijahati',NULL,NULL,NULL,NULL,NULL,NULL,'ACTIVE',2),(23,'Garalgacha High School (Primary)','Garalgacha, Hooghly',NULL,NULL,NULL,NULL,NULL,NULL,'ACTIVE',2),(24,'Garalgacha Girls\' Primary School','Garalgacha, Hooghly',NULL,NULL,NULL,NULL,NULL,NULL,'ACTIVE',2),(25,'Patha Bhavan','Dankuni, Hooghly',NULL,NULL,NULL,NULL,NULL,NULL,'ACTIVE',2),(26,'Garalgacha Surabala Vidyamandir','Garalgacha, Hooghly',NULL,NULL,NULL,NULL,NULL,NULL,'ACTIVE',2),(27,'Ramanathpur Paschimpara Pry. School','Ramanathpur, Hooghly',NULL,NULL,NULL,NULL,NULL,NULL,'ACTIVE',2),(28,'Barijahatty Sudhira Devi Primary School','Barijahaty, Hooghly',NULL,NULL,NULL,NULL,NULL,NULL,'ACTIVE',2),(29,'R.K.A.N High School','Kumirmora, Hooghly',NULL,NULL,NULL,NULL,NULL,NULL,'ACTIVE',2),(30,'Kalipur Pramathanath Pry. School','Kalipur, Dankuni',NULL,NULL,NULL,NULL,NULL,NULL,'ACTIVE',2),(31,'Baluhati High School (HS)','Baluhati, Howrah',NULL,NULL,NULL,NULL,NULL,NULL,'ACTIVE',2),(32,'Baluhati Balika Vidyalaya (HS)','Baluhati, Howrah',NULL,NULL,NULL,NULL,NULL,NULL,'ACTIVE',2),(33,'R.K Mission Boy\'s Home','Khardaha, North 24 Paraganas',NULL,NULL,NULL,NULL,NULL,NULL,'ACTIVE',2),(34,'Khanpur Shibtala Primary School','Khanpur, Barijahaty',NULL,NULL,NULL,NULL,NULL,NULL,'ACTIVE',2);
/*!40000 ALTER TABLE `school` ENABLE KEYS */;
UNLOCK TABLES;

--
-- Table structure for table `user`
--

DROP TABLE IF EXISTS `user`;
/*!40101 SET @saved_cs_client     = @@character_set_client */;
/*!50503 SET character_set_client = utf8mb4 */;
CREATE TABLE `user` (
  `pk` int NOT NULL AUTO_INCREMENT,
  `id` varchar(45) NOT NULL,
  `name` varchar(45) DEFAULT NULL,
  `password` varchar(255) DEFAULT NULL,
  PRIMARY KEY (`pk`,`id`)
) ENGINE=InnoDB AUTO_INCREMENT=2 DEFAULT CHARSET=utf8mb4 COLLATE=utf8mb4_0900_ai_ci;
/*!40101 SET character_set_client = @saved_cs_client */;

--
-- Dumping data for table `user`
--

LOCK TABLES `user` WRITE;
/*!40000 ALTER TABLE `user` DISABLE KEYS */;
INSERT INTO `user` VALUES (1,'09001','Garalgacha Science Club','1af684b708734a3567dc844e62e3fd6ee3d5517cd199aa13b43b819ac4191d3d');
/*!40000 ALTER TABLE `user` ENABLE KEYS */;
UNLOCK TABLES;

--
-- Table structure for table `venue`
--

DROP TABLE IF EXISTS `venue`;
/*!40101 SET @saved_cs_client     = @@character_set_client */;
/*!50503 SET character_set_client = utf8mb4 */;
CREATE TABLE `venue` (
  `id` int NOT NULL AUTO_INCREMENT,
  `name` varchar(255) DEFAULT NULL,
  `code` varchar(45) DEFAULT NULL,
  `status` varchar(45) DEFAULT 'ACTIVE',
  `address` varchar(255) DEFAULT NULL,
  `convenor` varchar(255) DEFAULT NULL,
  `phone` varchar(10) DEFAULT NULL,
  `picture` varchar(45) DEFAULT 'school.jpg',
  PRIMARY KEY (`id`)
) ENGINE=InnoDB AUTO_INCREMENT=12 DEFAULT CHARSET=utf8mb4 COLLATE=utf8mb4_0900_ai_ci;
/*!40101 SET character_set_client = @saved_cs_client */;

--
-- Dumping data for table `venue`
--

LOCK TABLES `venue` WRITE;
/*!40000 ALTER TABLE `venue` DISABLE KEYS */;
INSERT INTO `venue` VALUES (2,'Garalgacha Balika Vidyalaya','09001','ACTIVE','Garalgacha, Chanditala, West Bengal, Pincode - 712708','Shekhar Chnadra Jana','9934554120','gbv.jpg');
/*!40000 ALTER TABLE `venue` ENABLE KEYS */;
UNLOCK TABLES;
/*!40103 SET TIME_ZONE=@OLD_TIME_ZONE */;

/*!40101 SET SQL_MODE=@OLD_SQL_MODE */;
/*!40014 SET FOREIGN_KEY_CHECKS=@OLD_FOREIGN_KEY_CHECKS */;
/*!40014 SET UNIQUE_CHECKS=@OLD_UNIQUE_CHECKS */;
/*!40101 SET CHARACTER_SET_CLIENT=@OLD_CHARACTER_SET_CLIENT */;
/*!40101 SET CHARACTER_SET_RESULTS=@OLD_CHARACTER_SET_RESULTS */;
/*!40101 SET COLLATION_CONNECTION=@OLD_COLLATION_CONNECTION */;
/*!40111 SET SQL_NOTES=@OLD_SQL_NOTES */;

-- Dump completed on 2024-08-15 12:19:26
